jml_pembelian,total_harga,kategori_Coffee,kategori_Food,kategori_Non_Coffee,average_price,ratio_Coffee,ratio_Food,ratio_Non_Coffee,predicted_cluster
2,36000,36000,0,0,18000.0,1.0,0.0,0.0,1
5,84000,54000,30000,0,16800.0,0.6428571428571429,0.35714285714285715,0.0,3
2,30000,0,30000,0,15000.0,0.0,1.0,0.0,2
4,20000,0,0,20000,5000.0,0.0,0.0,1.0,4
2,36000,36000,0,0,18000.0,1.0,0.0,0.0,1
8,99000,84000,0,15000,12375.0,0.8484848484848485,0.0,0.15151515151515152,3
3,45000,0,45000,0,15000.0,0.0,1.0,0.0,2
2,18000,0,18000,0,9000.0,0.0,1.0,0.0,2
2,30000,0,0,30000,15000.0,0.0,0.0,1.0,0
4,48000,48000,0,0,12000.0,1.0,0.0,0.0,1
1,10000,10000,0,0,10000.0,1.0,0.0,0.0,1
2,27000,18000,9000,0,13500.0,0.6666666666666666,0.3333333333333333,0.0,1
3,15000,0,0,15000,5000.0,0.0,0.0,1.0,4
3,54000,54000,0,0,18000.0,1.0,0.0,0.0,1
7,56000,36000,0,20000,8000.0,0.6428571428571429,0.0,0.35714285714285715,3
3,54000,54000,0,0,18000.0,1.0,0.0,0.0,1
2,36000,36000,0,0,18000.0,1.0,0.0,0.0,1
3,45000,0,0,45000,15000.0,0.0,0.0,1.0,0
1,8000,0,8000,0,8000.0,0.0,1.0,0.0,2
3,25000,0,0,25000,8333.333333333334,0.0,0.0,1.0,4
6,90000,72000,18000,0,15000.0,0.8,0.2,0.0,3
2,24000,24000,0,0,12000.0,1.0,0.0,0.0,1
1,18000,18000,0,0,18000.0,1.0,0.0,0.0,1
3,36000,36000,0,0,12000.0,1.0,0.0,0.0,1
2,20000,20000,0,0,10000.0,1.0,0.0,0.0,1
2,30000,0,0,30000,15000.0,0.0,0.0,1.0,0
1,9000,0,9000,0,9000.0,0.0,1.0,0.0,2
2,36000,36000,0,0,18000.0,1.0,0.0,0.0,1
2,18000,0,18000,0,9000.0,0.0,1.0,0.0,2
2,10000,0,0,10000,5000.0,0.0,0.0,1.0,4
4,32000,0,32000,0,8000.0,0.0,1.0,0.0,2
3,25000,20000,0,5000,8333.333333333334,0.8,0.0,0.2,1
2,10000,0,0,10000,5000.0,0.0,0.0,1.0,4
2,36000,36000,0,0,18000.0,1.0,0.0,0.0,1
1,10000,10000,0,0,10000.0,1.0,0.0,0.0,1
2,30000,0,0,30000,15000.0,0.0,0.0,1.0,0
2,18000,0,18000,0,9000.0,0.0,1.0,0.0,2
1,15000,0,0,15000,15000.0,0.0,0.0,1.0,0
2,30000,0,0,30000,15000.0,0.0,0.0,1.0,0
1,15000,0,0,15000,15000.0,0.0,0.0,1.0,0
2,10000,0,0,10000,5000.0,0.0,0.0,1.0,4
7,75000,0,60000,15000,10714.285714285714,0.0,0.8,0.2,3
1,5000,0,0,5000,5000.0,0.0,0.0,1.0,4
3,42000,42000,0,0,14000.0,1.0,0.0,0.0,1
1,12000,12000,0,0,12000.0,1.0,0.0,0.0,1
3,45000,0,45000,0,15000.0,0.0,1.0,0.0,2
2,25000,10000,0,15000,12500.0,0.4,0.0,0.6,0
2,30000,0,0,30000,15000.0,0.0,0.0,1.0,0
1,15000,0,0,15000,15000.0,0.0,0.0,1.0,0
1,10000,10000,0,0,10000.0,1.0,0.0,0.0,1
1,12000,12000,0,0,12000.0,1.0,0.0,0.0,1
3,27000,0,27000,0,9000.0,0.0,1.0,0.0,2
4,45000,30000,0,15000,11250.0,0.6666666666666666,0.0,0.3333333333333333,1
1,18000,18000,0,0,18000.0,1.0,0.0,0.0,1
6,84000,0,24000,60000,14000.0,0.0,0.2857142857142857,0.7142857142857143,3
6,84000,24000,0,60000,14000.0,0.2857142857142857,0.0,0.7142857142857143,3
4,42000,42000,0,0,10500.0,1.0,0.0,0.0,1
1,18000,18000,0,0,18000.0,1.0,0.0,0.0,1
1,10000,10000,0,0,10000.0,1.0,0.0,0.0,1
1,15000,0,15000,0,15000.0,0.0,1.0,0.0,2
1,15000,0,15000,0,15000.0,0.0,1.0,0.0,2
1,9000,0,9000,0,9000.0,0.0,1.0,0.0,2
2,24000,24000,0,0,12000.0,1.0,0.0,0.0,1
1,15000,0,0,15000,15000.0,0.0,0.0,1.0,0
2,36000,36000,0,0,18000.0,1.0,0.0,0.0,1
2,18000,0,18000,0,9000.0,0.0,1.0,0.0,2
1,18000,18000,0,0,18000.0,1.0,0.0,0.0,1
5,56000,56000,0,0,11200.0,1.0,0.0,0.0,1
4,60000,0,0,60000,15000.0,0.0,0.0,1.0,0
3,39000,24000,15000,0,13000.0,0.6153846153846154,0.38461538461538464,0.0,1
1,15000,0,0,15000,15000.0,0.0,0.0,1.0,0
3,15000,0,0,15000,5000.0,0.0,0.0,1.0,4
1,18000,18000,0,0,18000.0,1.0,0.0,0.0,1
1,5000,0,0,5000,5000.0,0.0,0.0,1.0,4
2,30000,0,0,30000,15000.0,0.0,0.0,1.0,0
1,10000,10000,0,0,10000.0,1.0,0.0,0.0,1
3,36000,0,36000,0,12000.0,0.0,1.0,0.0,2
1,15000,0,0,15000,15000.0,0.0,0.0,1.0,0
2,10000,0,0,10000,5000.0,0.0,0.0,1.0,4
1,18000,18000,0,0,18000.0,1.0,0.0,0.0,1
3,45000,0,45000,0,15000.0,0.0,1.0,0.0,2
4,20000,0,0,20000,5000.0,0.0,0.0,1.0,4
3,28000,18000,0,10000,9333.333333333334,0.6428571428571429,0.0,0.35714285714285715,1
4,60000,0,0,60000,15000.0,0.0,0.0,1.0,0
1,18000,18000,0,0,18000.0,1.0,0.0,0.0,1
4,72000,72000,0,0,18000.0,1.0,0.0,0.0,1
5,39000,24000,0,15000,7800.0,0.6153846153846154,0.0,0.38461538461538464,1
2,36000,36000,0,0,18000.0,1.0,0.0,0.0,1
1,15000,0,0,15000,15000.0,0.0,0.0,1.0,0
3,54000,54000,0,0,18000.0,1.0,0.0,0.0,1
1,8000,0,8000,0,8000.0,0.0,1.0,0.0,2
3,45000,0,45000,0,15000.0,0.0,1.0,0.0,2
5,78000,78000,0,0,15600.0,1.0,0.0,0.0,3
2,20000,20000,0,0,10000.0,1.0,0.0,0.0,1
3,45000,0,0,45000,15000.0,0.0,0.0,1.0,0
2,10000,0,0,10000,5000.0,0.0,0.0,1.0,4
4,60000,0,0,60000,15000.0,0.0,0.0,1.0,0
2,30000,0,30000,0,15000.0,0.0,1.0,0.0,2
4,54000,24000,0,30000,13500.0,0.4444444444444444,0.0,0.5555555555555556,0
1,15000,0,0,15000,15000.0,0.0,0.0,1.0,0
1,10000,10000,0,0,10000.0,1.0,0.0,0.0,1
3,48000,18000,0,30000,16000.0,0.375,0.0,0.625,0
4,40000,0,0,40000,10000.0,0.0,0.0,1.0,0
1,5000,0,0,5000,5000.0,0.0,0.0,1.0,4
1,12000,12000,0,0,12000.0,1.0,0.0,0.0,1
6,72000,36000,36000,0,12000.0,0.5,0.5,0.0,3
2,36000,36000,0,0,18000.0,1.0,0.0,0.0,1
4,46000,36000,0,10000,11500.0,0.782608695652174,0.0,0.21739130434782608,1
3,36000,36000,0,0,12000.0,1.0,0.0,0.0,1
1,9000,0,9000,0,9000.0,0.0,1.0,0.0,2
2,24000,24000,0,0,12000.0,1.0,0.0,0.0,1
3,36000,36000,0,0,12000.0,1.0,0.0,0.0,1
6,42000,0,27000,15000,7000.0,0.0,0.6428571428571429,0.35714285714285715,2
1,15000,0,0,15000,15000.0,0.0,0.0,1.0,0
7,56000,36000,0,20000,8000.0,0.6428571428571429,0.0,0.35714285714285715,3
4,32000,0,32000,0,8000.0,0.0,1.0,0.0,2
4,69000,54000,0,15000,17250.0,0.782608695652174,0.0,0.21739130434782608,1
1,15000,0,0,15000,15000.0,0.0,0.0,1.0,0
2,36000,36000,0,0,18000.0,1.0,0.0,0.0,1
4,45000,18000,27000,0,11250.0,0.4,0.6,0.0,2
7,77000,20000,27000,30000,11000.0,0.2597402597402597,0.35064935064935066,0.38961038961038963,3
1,15000,0,0,15000,15000.0,0.0,0.0,1.0,0
2,36000,36000,0,0,18000.0,1.0,0.0,0.0,1
5,81000,36000,0,45000,16200.0,0.4444444444444444,0.0,0.5555555555555556,3
3,36000,36000,0,0,12000.0,1.0,0.0,0.0,1
8,83000,18000,0,65000,10375.0,0.21686746987951808,0.0,0.7831325301204819,3
1,18000,18000,0,0,18000.0,1.0,0.0,0.0,1
4,39000,12000,27000,0,9750.0,0.3076923076923077,0.6923076923076923,0.0,2
2,30000,0,0,30000,15000.0,0.0,0.0,1.0,0
2,17000,0,12000,5000,8500.0,0.0,0.7058823529411765,0.29411764705882354,2
1,10000,10000,0,0,10000.0,1.0,0.0,0.0,1
3,45000,0,0,45000,15000.0,0.0,0.0,1.0,0
2,17000,0,17000,0,8500.0,0.0,1.0,0.0,2
4,20000,0,0,20000,5000.0,0.0,0.0,1.0,4
3,45000,0,0,45000,15000.0,0.0,0.0,1.0,0
1,18000,18000,0,0,18000.0,1.0,0.0,0.0,1
1,10000,10000,0,0,10000.0,1.0,0.0,0.0,1
2,24000,24000,0,0,12000.0,1.0,0.0,0.0,1
2,30000,0,0,30000,15000.0,0.0,0.0,1.0,0
1,18000,18000,0,0,18000.0,1.0,0.0,0.0,1
4,72000,72000,0,0,18000.0,1.0,0.0,0.0,1
2,30000,0,0,30000,15000.0,0.0,0.0,1.0,0
2,36000,36000,0,0,18000.0,1.0,0.0,0.0,1
5,25000,0,0,25000,5000.0,0.0,0.0,1.0,4
1,15000,0,15000,0,15000.0,0.0,1.0,0.0,2
2,23000,18000,0,5000,11500.0,0.782608695652174,0.0,0.21739130434782608,1
1,12000,12000,0,0,12000.0,1.0,0.0,0.0,1
4,36000,0,36000,0,9000.0,0.0,1.0,0.0,2
3,30000,30000,0,0,10000.0,1.0,0.0,0.0,1
2,24000,0,24000,0,12000.0,0.0,1.0,0.0,2
2,27000,12000,0,15000,13500.0,0.4444444444444444,0.0,0.5555555555555556,0
1,15000,0,0,15000,15000.0,0.0,0.0,1.0,0
3,54000,54000,0,0,18000.0,1.0,0.0,0.0,1
2,30000,0,0,30000,15000.0,0.0,0.0,1.0,0
1,12000,12000,0,0,12000.0,1.0,0.0,0.0,1
1,8000,0,8000,0,8000.0,0.0,1.0,0.0,2
1,15000,0,0,15000,15000.0,0.0,0.0,1.0,0
1,12000,12000,0,0,12000.0,1.0,0.0,0.0,1
2,20000,20000,0,0,10000.0,1.0,0.0,0.0,1
2,24000,24000,0,0,12000.0,1.0,0.0,0.0,1
2,36000,36000,0,0,18000.0,1.0,0.0,0.0,1
3,45000,0,0,45000,15000.0,0.0,0.0,1.0,0
4,72000,72000,0,0,18000.0,1.0,0.0,0.0,1
1,9000,0,9000,0,9000.0,0.0,1.0,0.0,2
2,24000,24000,0,0,12000.0,1.0,0.0,0.0,1
1,18000,18000,0,0,18000.0,1.0,0.0,0.0,1
1,9000,0,9000,0,9000.0,0.0,1.0,0.0,2
3,30000,30000,0,0,10000.0,1.0,0.0,0.0,1
1,15000,0,15000,0,15000.0,0.0,1.0,0.0,2
6,84000,24000,0,60000,14000.0,0.2857142857142857,0.0,0.7142857142857143,3
2,10000,0,0,10000,5000.0,0.0,0.0,1.0,4
3,30000,30000,0,0,10000.0,1.0,0.0,0.0,1
4,60000,0,45000,15000,15000.0,0.0,0.75,0.25,2
1,5000,0,0,5000,5000.0,0.0,0.0,1.0,4
4,48000,0,48000,0,12000.0,0.0,1.0,0.0,2
3,40000,10000,30000,0,13333.333333333334,0.25,0.75,0.0,2
4,48000,0,48000,0,12000.0,0.0,1.0,0.0,2
3,45000,0,0,45000,15000.0,0.0,0.0,1.0,0
1,15000,0,0,15000,15000.0,0.0,0.0,1.0,0
1,12000,0,12000,0,12000.0,0.0,1.0,0.0,2
2,10000,0,0,10000,5000.0,0.0,0.0,1.0,4
1,5000,0,0,5000,5000.0,0.0,0.0,1.0,4
1,18000,18000,0,0,18000.0,1.0,0.0,0.0,1
2,24000,24000,0,0,12000.0,1.0,0.0,0.0,1
1,5000,0,0,5000,5000.0,0.0,0.0,1.0,4
3,45000,0,0,45000,15000.0,0.0,0.0,1.0,0
5,75000,0,0,75000,15000.0,0.0,0.0,1.0,0
1,15000,0,15000,0,15000.0,0.0,1.0,0.0,2
3,44000,36000,8000,0,14666.666666666666,0.8181818181818182,0.18181818181818182,0.0,1
3,54000,54000,0,0,18000.0,1.0,0.0,0.0,1
1,8000,0,8000,0,8000.0,0.0,1.0,0.0,2
3,51000,36000,0,15000,17000.0,0.7058823529411765,0.0,0.29411764705882354,1
1,10000,10000,0,0,10000.0,1.0,0.0,0.0,1
3,33000,0,18000,15000,11000.0,0.0,0.5454545454545454,0.45454545454545453,2
4,60000,0,0,60000,15000.0,0.0,0.0,1.0,0
3,45000,0,45000,0,15000.0,0.0,1.0,0.0,2
3,54000,54000,0,0,18000.0,1.0,0.0,0.0,1
4,48000,48000,0,0,12000.0,1.0,0.0,0.0,1
1,9000,0,9000,0,9000.0,0.0,1.0,0.0,2
2,36000,36000,0,0,18000.0,1.0,0.0,0.0,1
2,20000,20000,0,0,10000.0,1.0,0.0,0.0,1
5,68000,0,8000,60000,13600.0,0.0,0.11764705882352941,0.8823529411764706,0
1,18000,18000,0,0,18000.0,1.0,0.0,0.0,1
1,18000,18000,0,0,18000.0,1.0,0.0,0.0,1
1,18000,18000,0,0,18000.0,1.0,0.0,0.0,1
4,20000,0,0,20000,5000.0,0.0,0.0,1.0,4
2,28000,0,28000,0,14000.0,0.0,1.0,0.0,2
3,36000,36000,0,0,12000.0,1.0,0.0,0.0,1
1,12000,0,12000,0,12000.0,0.0,1.0,0.0,2
3,34000,20000,14000,0,11333.333333333334,0.5882352941176471,0.4117647058823529,0.0,1
2,10000,0,0,10000,5000.0,0.0,0.0,1.0,4
4,56000,0,56000,0,14000.0,0.0,1.0,0.0,2
3,36000,36000,0,0,12000.0,1.0,0.0,0.0,1
1,18000,18000,0,0,18000.0,1.0,0.0,0.0,1
4,72000,72000,0,0,18000.0,1.0,0.0,0.0,1
1,15000,0,15000,0,15000.0,0.0,1.0,0.0,2
4,32000,0,32000,0,8000.0,0.0,1.0,0.0,2
4,60000,0,60000,0,15000.0,0.0,1.0,0.0,2
3,24000,0,24000,0,8000.0,0.0,1.0,0.0,2
2,10000,0,0,10000,5000.0,0.0,0.0,1.0,4
3,24000,0,24000,0,8000.0,0.0,1.0,0.0,2
1,15000,0,0,15000,15000.0,0.0,0.0,1.0,0
3,54000,54000,0,0,18000.0,1.0,0.0,0.0,1
3,44000,0,44000,0,14666.666666666666,0.0,1.0,0.0,2
1,14000,0,14000,0,14000.0,0.0,1.0,0.0,2
1,18000,18000,0,0,18000.0,1.0,0.0,0.0,1
4,60000,0,60000,0,15000.0,0.0,1.0,0.0,2
2,30000,0,0,30000,15000.0,0.0,0.0,1.0,0
2,36000,36000,0,0,18000.0,1.0,0.0,0.0,1
2,10000,0,0,10000,5000.0,0.0,0.0,1.0,4
1,18000,18000,0,0,18000.0,1.0,0.0,0.0,1
1,12000,0,12000,0,12000.0,0.0,1.0,0.0,2
3,42000,0,42000,0,14000.0,0.0,1.0,0.0,2
1,15000,0,0,15000,15000.0,0.0,0.0,1.0,0
2,18000,0,18000,0,9000.0,0.0,1.0,0.0,2
1,8000,0,8000,0,8000.0,0.0,1.0,0.0,2
1,12000,12000,0,0,12000.0,1.0,0.0,0.0,1
3,42000,0,42000,0,14000.0,0.0,1.0,0.0,2
4,60000,0,0,60000,15000.0,0.0,0.0,1.0,0
4,72000,72000,0,0,18000.0,1.0,0.0,0.0,1
4,32000,0,32000,0,8000.0,0.0,1.0,0.0,2
3,54000,54000,0,0,18000.0,1.0,0.0,0.0,1
1,18000,18000,0,0,18000.0,1.0,0.0,0.0,1
3,45000,0,30000,15000,15000.0,0.0,0.6666666666666666,0.3333333333333333,2
1,9000,0,9000,0,9000.0,0.0,1.0,0.0,2
1,14000,0,14000,0,14000.0,0.0,1.0,0.0,2
1,10000,10000,0,0,10000.0,1.0,0.0,0.0,1
3,54000,54000,0,0,18000.0,1.0,0.0,0.0,1
1,12000,12000,0,0,12000.0,1.0,0.0,0.0,1
3,24000,0,24000,0,8000.0,0.0,1.0,0.0,2
1,15000,0,0,15000,15000.0,0.0,0.0,1.0,0
1,18000,18000,0,0,18000.0,1.0,0.0,0.0,1
1,9000,0,9000,0,9000.0,0.0,1.0,0.0,2
2,30000,0,0,30000,15000.0,0.0,0.0,1.0,0
3,51000,36000,0,15000,17000.0,0.7058823529411765,0.0,0.29411764705882354,1
2,24000,24000,0,0,12000.0,1.0,0.0,0.0,1
3,36000,36000,0,0,12000.0,1.0,0.0,0.0,1
3,45000,0,0,45000,15000.0,0.0,0.0,1.0,0
1,10000,10000,0,0,10000.0,1.0,0.0,0.0,1
1,7000,0,0,7000,7000.0,0.0,0.0,1.0,4
1,18000,18000,0,0,18000.0,1.0,0.0,0.0,1
1,18000,18000,0,0,18000.0,1.0,0.0,0.0,1
1,15000,0,0,15000,15000.0,0.0,0.0,1.0,0
2,36000,36000,0,0,18000.0,1.0,0.0,0.0,1
2,36000,36000,0,0,18000.0,1.0,0.0,0.0,1
2,36000,36000,0,0,18000.0,1.0,0.0,0.0,1
1,15000,0,0,15000,15000.0,0.0,0.0,1.0,0
1,18000,18000,0,0,18000.0,1.0,0.0,0.0,1
1,5000,0,0,5000,5000.0,0.0,0.0,1.0,4
3,45000,0,0,45000,15000.0,0.0,0.0,1.0,0
1,15000,0,0,15000,15000.0,0.0,0.0,1.0,0
2,16000,0,16000,0,8000.0,0.0,1.0,0.0,2
3,15000,0,0,15000,5000.0,0.0,0.0,1.0,4
3,45000,0,45000,0,15000.0,0.0,1.0,0.0,2
1,12000,12000,0,0,12000.0,1.0,0.0,0.0,1
1,15000,0,15000,0,15000.0,0.0,1.0,0.0,2
2,10000,0,0,10000,5000.0,0.0,0.0,1.0,4
1,5000,0,0,5000,5000.0,0.0,0.0,1.0,4
1,15000,0,15000,0,15000.0,0.0,1.0,0.0,2
1,18000,18000,0,0,18000.0,1.0,0.0,0.0,1
2,30000,0,0,30000,15000.0,0.0,0.0,1.0,0
1,10000,10000,0,0,10000.0,1.0,0.0,0.0,1
3,15000,0,0,15000,5000.0,0.0,0.0,1.0,4
1,18000,0,0,18000,18000.0,0.0,0.0,1.0,0
2,10000,0,0,10000,5000.0,0.0,0.0,1.0,4
1,18000,18000,0,0,18000.0,1.0,0.0,0.0,1
2,30000,0,30000,0,15000.0,0.0,1.0,0.0,2
4,60000,0,0,60000,15000.0,0.0,0.0,1.0,0
2,36000,36000,0,0,18000.0,1.0,0.0,0.0,1
1,14000,0,14000,0,14000.0,0.0,1.0,0.0,2
2,36000,36000,0,0,18000.0,1.0,0.0,0.0,1
2,24000,0,24000,0,12000.0,0.0,1.0,0.0,2
2,30000,0,0,30000,15000.0,0.0,0.0,1.0,0
2,36000,36000,0,0,18000.0,1.0,0.0,0.0,1
1,5000,0,0,5000,5000.0,0.0,0.0,1.0,4
1,12000,12000,0,0,12000.0,1.0,0.0,0.0,1
1,18000,18000,0,0,18000.0,1.0,0.0,0.0,1
4,48000,48000,0,0,12000.0,1.0,0.0,0.0,1
1,15000,0,0,15000,15000.0,0.0,0.0,1.0,0
4,72000,72000,0,0,18000.0,1.0,0.0,0.0,1
2,30000,0,30000,0,15000.0,0.0,1.0,0.0,2
2,14000,0,0,14000,7000.0,0.0,0.0,1.0,4
3,54000,0,0,54000,18000.0,0.0,0.0,1.0,0
2,16000,0,16000,0,8000.0,0.0,1.0,0.0,2
3,27000,0,27000,0,9000.0,0.0,1.0,0.0,2
1,15000,0,0,15000,15000.0,0.0,0.0,1.0,0
4,60000,0,0,60000,15000.0,0.0,0.0,1.0,0
2,16000,0,16000,0,8000.0,0.0,1.0,0.0,2
2,10000,0,0,10000,5000.0,0.0,0.0,1.0,4
1,5000,0,0,5000,5000.0,0.0,0.0,1.0,4
3,42000,0,42000,0,14000.0,0.0,1.0,0.0,2
2,30000,0,30000,0,15000.0,0.0,1.0,0.0,2
1,15000,0,0,15000,15000.0,0.0,0.0,1.0,0
1,10000,10000,0,0,10000.0,1.0,0.0,0.0,1
3,15000,0,0,15000,5000.0,0.0,0.0,1.0,4
4,48000,48000,0,0,12000.0,1.0,0.0,0.0,1
2,24000,24000,0,0,12000.0,1.0,0.0,0.0,1
2,36000,36000,0,0,18000.0,1.0,0.0,0.0,1
3,36000,36000,0,0,12000.0,1.0,0.0,0.0,1
2,24000,0,24000,0,12000.0,0.0,1.0,0.0,2
4,40000,40000,0,0,10000.0,1.0,0.0,0.0,1
2,30000,0,0,30000,15000.0,0.0,0.0,1.0,0
7,105000,0,45000,60000,15000.0,0.0,0.42857142857142855,0.5714285714285714,3
3,54000,54000,0,0,18000.0,1.0,0.0,0.0,1
1,5000,0,0,5000,5000.0,0.0,0.0,1.0,4
2,30000,0,30000,0,15000.0,0.0,1.0,0.0,2
1,15000,0,15000,0,15000.0,0.0,1.0,0.0,2
1,15000,0,15000,0,15000.0,0.0,1.0,0.0,2
3,32000,20000,12000,0,10666.666666666666,0.625,0.375,0.0,1
3,42000,0,42000,0,14000.0,0.0,1.0,0.0,2
1,9000,0,9000,0,9000.0,0.0,1.0,0.0,2
4,48000,48000,0,0,12000.0,1.0,0.0,0.0,1
1,12000,0,12000,0,12000.0,0.0,1.0,0.0,2
1,7000,0,0,7000,7000.0,0.0,0.0,1.0,4
2,21000,12000,9000,0,10500.0,0.5714285714285714,0.42857142857142855,0.0,1
2,10000,0,0,10000,5000.0,0.0,0.0,1.0,4
4,72000,72000,0,0,18000.0,1.0,0.0,0.0,1
1,12000,0,12000,0,12000.0,0.0,1.0,0.0,2
7,93000,0,48000,45000,13285.714285714286,0.0,0.5161290322580645,0.4838709677419355,3
2,16000,0,16000,0,8000.0,0.0,1.0,0.0,2
2,23000,0,8000,15000,11500.0,0.0,0.34782608695652173,0.6521739130434783,0
2,24000,24000,0,0,12000.0,1.0,0.0,0.0,1
1,5000,0,0,5000,5000.0,0.0,0.0,1.0,4
1,12000,12000,0,0,12000.0,1.0,0.0,0.0,1
2,16000,0,16000,0,8000.0,0.0,1.0,0.0,2
1,14000,0,14000,0,14000.0,0.0,1.0,0.0,2
1,14000,0,14000,0,14000.0,0.0,1.0,0.0,2
1,15000,0,0,15000,15000.0,0.0,0.0,1.0,0
1,15000,0,0,15000,15000.0,0.0,0.0,1.0,0
1,8000,0,0,8000,8000.0,0.0,0.0,1.0,4
1,8000,0,8000,0,8000.0,0.0,1.0,0.0,2
1,14000,0,14000,0,14000.0,0.0,1.0,0.0,2
2,30000,0,0,30000,15000.0,0.0,0.0,1.0,0
8,80000,0,60000,20000,10000.0,0.0,0.75,0.25,3
2,36000,36000,0,0,18000.0,1.0,0.0,0.0,1
1,12000,12000,0,0,12000.0,1.0,0.0,0.0,1
2,30000,0,30000,0,15000.0,0.0,1.0,0.0,2
2,10000,0,0,10000,5000.0,0.0,0.0,1.0,4
4,20000,0,0,20000,5000.0,0.0,0.0,1.0,4
1,5000,0,0,5000,5000.0,0.0,0.0,1.0,4
3,36000,36000,0,0,12000.0,1.0,0.0,0.0,1
1,5000,0,0,5000,5000.0,0.0,0.0,1.0,4
1,18000,18000,0,0,18000.0,1.0,0.0,0.0,1
2,18000,0,18000,0,9000.0,0.0,1.0,0.0,2
1,5000,0,0,5000,5000.0,0.0,0.0,1.0,4
4,54000,24000,0,30000,13500.0,0.4444444444444444,0.0,0.5555555555555556,0
2,24000,24000,0,0,12000.0,1.0,0.0,0.0,1
2,16000,0,16000,0,8000.0,0.0,1.0,0.0,2
1,18000,18000,0,0,18000.0,1.0,0.0,0.0,1
3,45000,0,0,45000,15000.0,0.0,0.0,1.0,0
2,20000,20000,0,0,10000.0,1.0,0.0,0.0,1
1,5000,0,0,5000,5000.0,0.0,0.0,1.0,4
3,36000,36000,0,0,12000.0,1.0,0.0,0.0,1
4,60000,0,0,60000,15000.0,0.0,0.0,1.0,0
1,10000,10000,0,0,10000.0,1.0,0.0,0.0,1
1,5000,0,0,5000,5000.0,0.0,0.0,1.0,4
8,99000,0,99000,0,12375.0,0.0,1.0,0.0,3
4,72000,72000,0,0,18000.0,1.0,0.0,0.0,1
4,48000,0,48000,0,12000.0,0.0,1.0,0.0,2
1,9000,0,9000,0,9000.0,0.0,1.0,0.0,2
4,72000,72000,0,0,18000.0,1.0,0.0,0.0,1
1,18000,18000,0,0,18000.0,1.0,0.0,0.0,1
1,10000,10000,0,0,10000.0,1.0,0.0,0.0,1
4,60000,0,0,60000,15000.0,0.0,0.0,1.0,0
1,5000,0,0,5000,5000.0,0.0,0.0,1.0,4
6,90000,0,75000,15000,15000.0,0.0,0.8333333333333334,0.16666666666666666,3
3,45000,0,0,45000,15000.0,0.0,0.0,1.0,0
2,24000,24000,0,0,12000.0,1.0,0.0,0.0,1
1,18000,18000,0,0,18000.0,1.0,0.0,0.0,1
3,24000,0,24000,0,8000.0,0.0,1.0,0.0,2
1,5000,0,0,5000,5000.0,0.0,0.0,1.0,4
1,18000,18000,0,0,18000.0,1.0,0.0,0.0,1
2,30000,0,30000,0,15000.0,0.0,1.0,0.0,2
1,12000,12000,0,0,12000.0,1.0,0.0,0.0,1
4,46000,46000,0,0,11500.0,1.0,0.0,0.0,1
2,16000,0,16000,0,8000.0,0.0,1.0,0.0,2
4,72000,72000,0,0,18000.0,1.0,0.0,0.0,1
2,30000,0,0,30000,15000.0,0.0,0.0,1.0,0
3,45000,0,0,45000,15000.0,0.0,0.0,1.0,0
7,72000,48000,24000,0,10285.714285714286,0.6666666666666666,0.3333333333333333,0.0,3
2,20000,20000,0,0,10000.0,1.0,0.0,0.0,1
4,48000,48000,0,0,12000.0,1.0,0.0,0.0,1
4,40000,40000,0,0,10000.0,1.0,0.0,0.0,1
2,30000,0,30000,0,15000.0,0.0,1.0,0.0,2
1,15000,0,0,15000,15000.0,0.0,0.0,1.0,0
2,25000,10000,0,15000,12500.0,0.4,0.0,0.6,0
2,20000,20000,0,0,10000.0,1.0,0.0,0.0,1
1,10000,10000,0,0,10000.0,1.0,0.0,0.0,1
2,36000,36000,0,0,18000.0,1.0,0.0,0.0,1
1,15000,0,0,15000,15000.0,0.0,0.0,1.0,0
3,45000,0,0,45000,15000.0,0.0,0.0,1.0,0
6,30000,0,0,30000,5000.0,0.0,0.0,1.0,4
1,15000,0,0,15000,15000.0,0.0,0.0,1.0,0
2,36000,36000,0,0,18000.0,1.0,0.0,0.0,1
3,45000,0,0,45000,15000.0,0.0,0.0,1.0,0
2,10000,0,0,10000,5000.0,0.0,0.0,1.0,4
2,24000,24000,0,0,12000.0,1.0,0.0,0.0,1
3,42000,42000,0,0,14000.0,1.0,0.0,0.0,1
2,36000,36000,0,0,18000.0,1.0,0.0,0.0,1
3,54000,54000,0,0,18000.0,1.0,0.0,0.0,1
2,25000,10000,0,15000,12500.0,0.4,0.0,0.6,0
2,36000,36000,0,0,18000.0,1.0,0.0,0.0,1
3,15000,0,0,15000,5000.0,0.0,0.0,1.0,4
1,15000,0,0,15000,15000.0,0.0,0.0,1.0,0
4,36000,0,36000,0,9000.0,0.0,1.0,0.0,2
3,54000,54000,0,0,18000.0,1.0,0.0,0.0,1
1,15000,0,0,15000,15000.0,0.0,0.0,1.0,0
1,15000,0,0,15000,15000.0,0.0,0.0,1.0,0
2,36000,36000,0,0,18000.0,1.0,0.0,0.0,1
2,10000,0,0,10000,5000.0,0.0,0.0,1.0,4
3,36000,36000,0,0,12000.0,1.0,0.0,0.0,1
2,10000,0,0,10000,5000.0,0.0,0.0,1.0,4
5,55000,0,0,55000,11000.0,0.0,0.0,1.0,0
1,15000,0,15000,0,15000.0,0.0,1.0,0.0,2
3,35000,0,0,35000,11666.666666666666,0.0,0.0,1.0,0
3,54000,54000,0,0,18000.0,1.0,0.0,0.0,1
3,48000,48000,0,0,16000.0,1.0,0.0,0.0,1
1,12000,12000,0,0,12000.0,1.0,0.0,0.0,1
3,36000,0,36000,0,12000.0,0.0,1.0,0.0,2
1,12000,12000,0,0,12000.0,1.0,0.0,0.0,1
3,38000,38000,0,0,12666.666666666666,1.0,0.0,0.0,1
4,60000,0,0,60000,15000.0,0.0,0.0,1.0,0
1,5000,0,0,5000,5000.0,0.0,0.0,1.0,4
2,24000,0,24000,0,12000.0,0.0,1.0,0.0,2
1,15000,0,15000,0,15000.0,0.0,1.0,0.0,2
3,48000,18000,0,30000,16000.0,0.375,0.0,0.625,0
1,12000,12000,0,0,12000.0,1.0,0.0,0.0,1
1,18000,18000,0,0,18000.0,1.0,0.0,0.0,1
1,5000,0,0,5000,5000.0,0.0,0.0,1.0,4
2,36000,36000,0,0,18000.0,1.0,0.0,0.0,1
8,120000,0,60000,60000,15000.0,0.0,0.5,0.5,3
1,18000,18000,0,0,18000.0,1.0,0.0,0.0,1
2,24000,24000,0,0,12000.0,1.0,0.0,0.0,1
2,30000,0,30000,0,15000.0,0.0,1.0,0.0,2
2,36000,36000,0,0,18000.0,1.0,0.0,0.0,1
4,72000,72000,0,0,18000.0,1.0,0.0,0.0,1
1,18000,18000,0,0,18000.0,1.0,0.0,0.0,1
5,63000,36000,27000,0,12600.0,0.5714285714285714,0.42857142857142855,0.0,3
2,24000,24000,0,0,12000.0,1.0,0.0,0.0,1
1,10000,10000,0,0,10000.0,1.0,0.0,0.0,1
3,30000,30000,0,0,10000.0,1.0,0.0,0.0,1
1,15000,0,0,15000,15000.0,0.0,0.0,1.0,0
2,30000,0,0,30000,15000.0,0.0,0.0,1.0,0
2,10000,0,0,10000,5000.0,0.0,0.0,1.0,4
2,36000,36000,0,0,18000.0,1.0,0.0,0.0,1
1,15000,0,0,15000,15000.0,0.0,0.0,1.0,0
1,9000,0,9000,0,9000.0,0.0,1.0,0.0,2
2,36000,36000,0,0,18000.0,1.0,0.0,0.0,1
2,30000,0,0,30000,15000.0,0.0,0.0,1.0,0
3,30000,30000,0,0,10000.0,1.0,0.0,0.0,1
2,30000,0,30000,0,15000.0,0.0,1.0,0.0,2
1,9000,0,9000,0,9000.0,0.0,1.0,0.0,2
4,60000,0,60000,0,15000.0,0.0,1.0,0.0,2
3,54000,54000,0,0,18000.0,1.0,0.0,0.0,1
2,30000,0,30000,0,15000.0,0.0,1.0,0.0,2
4,72000,72000,0,0,18000.0,1.0,0.0,0.0,1
6,56000,0,56000,0,9333.333333333334,0.0,1.0,0.0,2
7,105000,0,45000,60000,15000.0,0.0,0.42857142857142855,0.5714285714285714,3
4,60000,0,60000,0,15000.0,0.0,1.0,0.0,2
1,5000,0,0,5000,5000.0,0.0,0.0,1.0,4
1,5000,0,0,5000,5000.0,0.0,0.0,1.0,4
1,9000,0,9000,0,9000.0,0.0,1.0,0.0,2
4,72000,72000,0,0,18000.0,1.0,0.0,0.0,1
1,9000,0,9000,0,9000.0,0.0,1.0,0.0,2
1,18000,18000,0,0,18000.0,1.0,0.0,0.0,1
3,36000,36000,0,0,12000.0,1.0,0.0,0.0,1
2,18000,0,18000,0,9000.0,0.0,1.0,0.0,2
5,87000,72000,0,15000,17400.0,0.8275862068965517,0.0,0.1724137931034483,3
2,24000,0,24000,0,12000.0,0.0,1.0,0.0,2
2,36000,36000,0,0,18000.0,1.0,0.0,0.0,1
1,15000,0,0,15000,15000.0,0.0,0.0,1.0,0
2,10000,0,0,10000,5000.0,0.0,0.0,1.0,4
1,15000,0,0,15000,15000.0,0.0,0.0,1.0,0
1,18000,18000,0,0,18000.0,1.0,0.0,0.0,1
2,21000,12000,9000,0,10500.0,0.5714285714285714,0.42857142857142855,0.0,1
4,60000,0,0,60000,15000.0,0.0,0.0,1.0,0
3,54000,54000,0,0,18000.0,1.0,0.0,0.0,1
3,36000,36000,0,0,12000.0,1.0,0.0,0.0,1
4,60000,0,0,60000,15000.0,0.0,0.0,1.0,0
1,10000,10000,0,0,10000.0,1.0,0.0,0.0,1
4,20000,0,0,20000,5000.0,0.0,0.0,1.0,4
1,18000,18000,0,0,18000.0,1.0,0.0,0.0,1
2,30000,0,0,30000,15000.0,0.0,0.0,1.0,0
1,18000,18000,0,0,18000.0,1.0,0.0,0.0,1
4,60000,0,0,60000,15000.0,0.0,0.0,1.0,0
1,15000,0,15000,0,15000.0,0.0,1.0,0.0,2
1,8000,0,8000,0,8000.0,0.0,1.0,0.0,2
2,30000,0,0,30000,15000.0,0.0,0.0,1.0,0
5,35000,0,0,35000,7000.0,0.0,0.0,1.0,4
1,18000,18000,0,0,18000.0,1.0,0.0,0.0,1
1,15000,0,0,15000,15000.0,0.0,0.0,1.0,0
2,24000,24000,0,0,12000.0,1.0,0.0,0.0,1
1,10000,10000,0,0,10000.0,1.0,0.0,0.0,1
2,30000,0,0,30000,15000.0,0.0,0.0,1.0,0
1,15000,0,0,15000,15000.0,0.0,0.0,1.0,0
4,40000,40000,0,0,10000.0,1.0,0.0,0.0,1
3,29000,0,24000,5000,9666.666666666666,0.0,0.8275862068965517,0.1724137931034483,2
2,10000,0,0,10000,5000.0,0.0,0.0,1.0,4
2,36000,36000,0,0,18000.0,1.0,0.0,0.0,1
1,18000,18000,0,0,18000.0,1.0,0.0,0.0,1
8,124000,64000,60000,0,15500.0,0.5161290322580645,0.4838709677419355,0.0,3
5,72000,0,42000,30000,14400.0,0.0,0.5833333333333334,0.4166666666666667,3
4,60000,0,0,60000,15000.0,0.0,0.0,1.0,0
3,36000,36000,0,0,12000.0,1.0,0.0,0.0,1
3,36000,36000,0,0,12000.0,1.0,0.0,0.0,1
3,19000,0,9000,10000,6333.333333333333,0.0,0.47368421052631576,0.5263157894736842,4
1,15000,0,0,15000,15000.0,0.0,0.0,1.0,0
1,18000,18000,0,0,18000.0,1.0,0.0,0.0,1
1,5000,0,0,5000,5000.0,0.0,0.0,1.0,4
2,30000,0,30000,0,15000.0,0.0,1.0,0.0,2
2,10000,0,0,10000,5000.0,0.0,0.0,1.0,4
7,114000,54000,60000,0,16285.714285714286,0.47368421052631576,0.5263157894736842,0.0,3
1,5000,0,0,5000,5000.0,0.0,0.0,1.0,4
1,5000,0,0,5000,5000.0,0.0,0.0,1.0,4
2,20000,20000,0,0,10000.0,1.0,0.0,0.0,1
3,15000,0,0,15000,5000.0,0.0,0.0,1.0,4
7,75000,0,0,75000,10714.285714285714,0.0,0.0,1.0,0
4,48000,0,48000,0,12000.0,0.0,1.0,0.0,2
2,26000,18000,8000,0,13000.0,0.6923076923076923,0.3076923076923077,0.0,1
1,5000,0,0,5000,5000.0,0.0,0.0,1.0,4
2,30000,0,0,30000,15000.0,0.0,0.0,1.0,0
2,30000,0,30000,0,15000.0,0.0,1.0,0.0,2
3,30000,30000,0,0,10000.0,1.0,0.0,0.0,1
1,9000,0,9000,0,9000.0,0.0,1.0,0.0,2
4,46000,36000,0,10000,11500.0,0.782608695652174,0.0,0.21739130434782608,1
1,10000,10000,0,0,10000.0,1.0,0.0,0.0,1
4,51000,36000,0,15000,12750.0,0.7058823529411765,0.0,0.29411764705882354,1
1,8000,0,8000,0,8000.0,0.0,1.0,0.0,2
2,18000,0,18000,0,9000.0,0.0,1.0,0.0,2
1,12000,12000,0,0,12000.0,1.0,0.0,0.0,1
2,30000,0,0,30000,15000.0,0.0,0.0,1.0,0
4,48000,48000,0,0,12000.0,1.0,0.0,0.0,1
6,93000,48000,0,45000,15500.0,0.5161290322580645,0.0,0.4838709677419355,3
1,18000,18000,0,0,18000.0,1.0,0.0,0.0,1
2,36000,36000,0,0,18000.0,1.0,0.0,0.0,1
3,39000,24000,0,15000,13000.0,0.6153846153846154,0.0,0.38461538461538464,1
1,10000,10000,0,0,10000.0,1.0,0.0,0.0,1
3,54000,54000,0,0,18000.0,1.0,0.0,0.0,1
2,10000,0,0,10000,5000.0,0.0,0.0,1.0,4
1,9000,0,9000,0,9000.0,0.0,1.0,0.0,2
2,10000,0,0,10000,5000.0,0.0,0.0,1.0,4
2,30000,0,0,30000,15000.0,0.0,0.0,1.0,0
1,18000,18000,0,0,18000.0,1.0,0.0,0.0,1
5,72000,72000,0,0,14400.0,1.0,0.0,0.0,3
5,60000,30000,0,30000,12000.0,0.5,0.0,0.5,3
1,12000,12000,0,0,12000.0,1.0,0.0,0.0,1
4,54000,36000,18000,0,13500.0,0.6666666666666666,0.3333333333333333,0.0,1
1,15000,0,15000,0,15000.0,0.0,1.0,0.0,2
1,10000,10000,0,0,10000.0,1.0,0.0,0.0,1
3,45000,0,0,45000,15000.0,0.0,0.0,1.0,0
3,32000,32000,0,0,10666.666666666666,1.0,0.0,0.0,1
3,15000,0,0,15000,5000.0,0.0,0.0,1.0,4
2,24000,0,24000,0,12000.0,0.0,1.0,0.0,2
4,32000,0,32000,0,8000.0,0.0,1.0,0.0,2
1,15000,0,0,15000,15000.0,0.0,0.0,1.0,0
3,45000,0,0,45000,15000.0,0.0,0.0,1.0,0
1,18000,18000,0,0,18000.0,1.0,0.0,0.0,1
6,40000,20000,0,20000,6666.666666666667,0.5,0.0,0.5,4
2,33000,18000,15000,0,16500.0,0.5454545454545454,0.45454545454545453,0.0,1
3,34000,18000,16000,0,11333.333333333334,0.5294117647058824,0.47058823529411764,0.0,2
4,27000,12000,0,15000,6750.0,0.4444444444444444,0.0,0.5555555555555556,4
1,15000,0,0,15000,15000.0,0.0,0.0,1.0,0
2,26000,18000,8000,0,13000.0,0.6923076923076923,0.3076923076923077,0.0,1
1,15000,0,0,15000,15000.0,0.0,0.0,1.0,0
1,15000,0,0,15000,15000.0,0.0,0.0,1.0,0
1,18000,18000,0,0,18000.0,1.0,0.0,0.0,1
2,30000,30000,0,0,15000.0,1.0,0.0,0.0,1
3,45000,0,45000,0,15000.0,0.0,1.0,0.0,2
3,48000,18000,30000,0,16000.0,0.375,0.625,0.0,2
5,74000,74000,0,0,14800.0,1.0,0.0,0.0,3
2,10000,0,0,10000,5000.0,0.0,0.0,1.0,4
4,40000,0,0,40000,10000.0,0.0,0.0,1.0,0
1,9000,0,9000,0,9000.0,0.0,1.0,0.0,2
10,120000,0,60000,60000,12000.0,0.0,0.5,0.5,3
4,45000,30000,0,15000,11250.0,0.6666666666666666,0.0,0.3333333333333333,1
1,15000,0,0,15000,15000.0,0.0,0.0,1.0,0
3,36000,36000,0,0,12000.0,1.0,0.0,0.0,1
2,24000,24000,0,0,12000.0,1.0,0.0,0.0,1
4,72000,72000,0,0,18000.0,1.0,0.0,0.0,1
6,67000,12000,0,55000,11166.666666666666,0.1791044776119403,0.0,0.8208955223880597,0
2,27000,18000,9000,0,13500.0,0.6666666666666666,0.3333333333333333,0.0,1
1,12000,12000,0,0,12000.0,1.0,0.0,0.0,1
2,30000,0,30000,0,15000.0,0.0,1.0,0.0,2
2,30000,0,0,30000,15000.0,0.0,0.0,1.0,0
1,18000,18000,0,0,18000.0,1.0,0.0,0.0,1
3,48000,48000,0,0,16000.0,1.0,0.0,0.0,1
1,15000,0,0,15000,15000.0,0.0,0.0,1.0,0
1,12000,0,12000,0,12000.0,0.0,1.0,0.0,2
4,72000,72000,0,0,18000.0,1.0,0.0,0.0,1
1,15000,0,0,15000,15000.0,0.0,0.0,1.0,0
3,41000,36000,0,5000,13666.666666666666,0.8780487804878049,0.0,0.12195121951219512,1
1,5000,0,0,5000,5000.0,0.0,0.0,1.0,4
3,30000,30000,0,0,10000.0,1.0,0.0,0.0,1
9,120000,36000,84000,0,13333.333333333334,0.3,0.7,0.0,3
1,15000,0,15000,0,15000.0,0.0,1.0,0.0,2
6,70000,0,60000,10000,11666.666666666666,0.0,0.8571428571428571,0.14285714285714285,3
3,36000,18000,18000,0,12000.0,0.5,0.5,0.0,2
3,45000,0,0,45000,15000.0,0.0,0.0,1.0,0
1,18000,18000,0,0,18000.0,1.0,0.0,0.0,1
2,27000,12000,0,15000,13500.0,0.4444444444444444,0.0,0.5555555555555556,0
1,15000,0,0,15000,15000.0,0.0,0.0,1.0,0
5,72000,54000,18000,0,14400.0,0.75,0.25,0.0,3
2,20000,20000,0,0,10000.0,1.0,0.0,0.0,1
4,60000,0,0,60000,15000.0,0.0,0.0,1.0,0
4,48000,48000,0,0,12000.0,1.0,0.0,0.0,1
4,72000,72000,0,0,18000.0,1.0,0.0,0.0,1
1,15000,0,0,15000,15000.0,0.0,0.0,1.0,0
4,40000,40000,0,0,10000.0,1.0,0.0,0.0,1
3,30000,30000,0,0,10000.0,1.0,0.0,0.0,1
4,59000,36000,8000,15000,14750.0,0.6101694915254238,0.13559322033898305,0.2542372881355932,3
5,45000,0,45000,0,9000.0,0.0,1.0,0.0,2
3,28000,20000,8000,0,9333.333333333334,0.7142857142857143,0.2857142857142857,0.0,1
2,16000,0,16000,0,8000.0,0.0,1.0,0.0,2
3,45000,0,45000,0,15000.0,0.0,1.0,0.0,2
3,15000,0,0,15000,5000.0,0.0,0.0,1.0,4
3,44000,36000,8000,0,14666.666666666666,0.8181818181818182,0.18181818181818182,0.0,1
3,36000,0,36000,0,12000.0,0.0,1.0,0.0,2
4,55000,10000,0,45000,13750.0,0.18181818181818182,0.0,0.8181818181818182,0
2,15000,10000,0,5000,7500.0,0.6666666666666666,0.0,0.3333333333333333,4
3,46000,46000,0,0,15333.333333333334,1.0,0.0,0.0,1
1,18000,18000,0,0,18000.0,1.0,0.0,0.0,1
2,24000,24000,0,0,12000.0,1.0,0.0,0.0,1
1,10000,10000,0,0,10000.0,1.0,0.0,0.0,1
3,45000,0,30000,15000,15000.0,0.0,0.6666666666666666,0.3333333333333333,2
4,48000,48000,0,0,12000.0,1.0,0.0,0.0,1
4,72000,72000,0,0,18000.0,1.0,0.0,0.0,1
1,12000,12000,0,0,12000.0,1.0,0.0,0.0,1
2,23000,18000,0,5000,11500.0,0.782608695652174,0.0,0.21739130434782608,1
2,24000,24000,0,0,12000.0,1.0,0.0,0.0,1
1,15000,0,15000,0,15000.0,0.0,1.0,0.0,2
4,60000,60000,0,0,15000.0,1.0,0.0,0.0,1
4,45000,18000,27000,0,11250.0,0.4,0.6,0.0,2
3,45000,0,0,45000,15000.0,0.0,0.0,1.0,0
4,60000,0,60000,0,15000.0,0.0,1.0,0.0,2
4,69000,54000,0,15000,17250.0,0.782608695652174,0.0,0.21739130434782608,1
3,54000,54000,0,0,18000.0,1.0,0.0,0.0,1
1,18000,18000,0,0,18000.0,1.0,0.0,0.0,1
2,20000,20000,0,0,10000.0,1.0,0.0,0.0,1
1,5000,0,0,5000,5000.0,0.0,0.0,1.0,4
3,27000,0,27000,0,9000.0,0.0,1.0,0.0,2
1,10000,10000,0,0,10000.0,1.0,0.0,0.0,1
2,25000,10000,0,15000,12500.0,0.4,0.0,0.6,0
5,75000,0,0,75000,15000.0,0.0,0.0,1.0,0
2,30000,0,0,30000,15000.0,0.0,0.0,1.0,0
2,36000,36000,0,0,18000.0,1.0,0.0,0.0,1
1,10000,10000,0,0,10000.0,1.0,0.0,0.0,1
3,30000,12000,18000,0,10000.0,0.4,0.6,0.0,2
1,18000,18000,0,0,18000.0,1.0,0.0,0.0,1
4,40000,40000,0,0,10000.0,1.0,0.0,0.0,1
7,102000,12000,45000,45000,14571.42857142857,0.11764705882352941,0.4411764705882353,0.4411764705882353,3
3,36000,36000,0,0,12000.0,1.0,0.0,0.0,1
4,63000,18000,45000,0,15750.0,0.2857142857142857,0.7142857142857143,0.0,2
5,81000,36000,0,45000,16200.0,0.4444444444444444,0.0,0.5555555555555556,3
2,30000,0,0,30000,15000.0,0.0,0.0,1.0,0
5,65000,0,60000,5000,13000.0,0.0,0.9230769230769231,0.07692307692307693,2
4,32000,0,27000,5000,8000.0,0.0,0.84375,0.15625,2
2,36000,36000,0,0,18000.0,1.0,0.0,0.0,1
2,23000,18000,0,5000,11500.0,0.782608695652174,0.0,0.21739130434782608,1
3,45000,0,0,45000,15000.0,0.0,0.0,1.0,0
5,60000,30000,30000,0,12000.0,0.5,0.5,0.0,3
5,75000,0,0,75000,15000.0,0.0,0.0,1.0,0
1,8000,0,8000,0,8000.0,0.0,1.0,0.0,2
5,66000,66000,0,0,13200.0,1.0,0.0,0.0,1
3,45000,0,0,45000,15000.0,0.0,0.0,1.0,0
1,15000,0,0,15000,15000.0,0.0,0.0,1.0,0
2,20000,20000,0,0,10000.0,1.0,0.0,0.0,1
4,48000,48000,0,0,12000.0,1.0,0.0,0.0,1
3,45000,0,45000,0,15000.0,0.0,1.0,0.0,2
3,35000,20000,15000,0,11666.666666666666,0.5714285714285714,0.42857142857142855,0.0,1
1,12000,0,12000,0,12000.0,0.0,1.0,0.0,2
5,90000,90000,0,0,18000.0,1.0,0.0,0.0,3
4,60000,0,0,60000,15000.0,0.0,0.0,1.0,0
2,24000,12000,12000,0,12000.0,0.5,0.5,0.0,2
2,24000,24000,0,0,12000.0,1.0,0.0,0.0,1
4,72000,72000,0,0,18000.0,1.0,0.0,0.0,1
1,10000,10000,0,0,10000.0,1.0,0.0,0.0,1
1,9000,0,9000,0,9000.0,0.0,1.0,0.0,2
3,36000,0,36000,0,12000.0,0.0,1.0,0.0,2
2,30000,0,30000,0,15000.0,0.0,1.0,0.0,2
3,45000,0,0,45000,15000.0,0.0,0.0,1.0,0
3,30000,12000,18000,0,10000.0,0.4,0.6,0.0,2
1,12000,0,12000,0,12000.0,0.0,1.0,0.0,2
3,34000,34000,0,0,11333.333333333334,1.0,0.0,0.0,1
2,24000,24000,0,0,12000.0,1.0,0.0,0.0,1
1,18000,18000,0,0,18000.0,1.0,0.0,0.0,1
4,20000,0,0,20000,5000.0,0.0,0.0,1.0,4
3,27000,0,27000,0,9000.0,0.0,1.0,0.0,2
3,27000,0,27000,0,9000.0,0.0,1.0,0.0,2
1,15000,0,15000,0,15000.0,0.0,1.0,0.0,2
2,30000,0,0,30000,15000.0,0.0,0.0,1.0,0
6,51000,0,36000,15000,8500.0,0.0,0.7058823529411765,0.29411764705882354,2
1,15000,0,15000,0,15000.0,0.0,1.0,0.0,2
3,15000,0,0,15000,5000.0,0.0,0.0,1.0,4
3,45000,0,0,45000,15000.0,0.0,0.0,1.0,0
1,18000,18000,0,0,18000.0,1.0,0.0,0.0,1
3,45000,0,0,45000,15000.0,0.0,0.0,1.0,0
4,60000,0,0,60000,15000.0,0.0,0.0,1.0,0
2,30000,0,0,30000,15000.0,0.0,0.0,1.0,0
2,30000,0,30000,0,15000.0,0.0,1.0,0.0,2
2,24000,0,24000,0,12000.0,0.0,1.0,0.0,2
2,18000,0,18000,0,9000.0,0.0,1.0,0.0,2
3,27000,0,27000,0,9000.0,0.0,1.0,0.0,2
2,24000,24000,0,0,12000.0,1.0,0.0,0.0,1
4,40000,0,0,40000,10000.0,0.0,0.0,1.0,0
3,36000,0,36000,0,12000.0,0.0,1.0,0.0,2
1,5000,0,0,5000,5000.0,0.0,0.0,1.0,4
1,15000,0,0,15000,15000.0,0.0,0.0,1.0,0
1,5000,0,0,5000,5000.0,0.0,0.0,1.0,4
3,27000,0,27000,0,9000.0,0.0,1.0,0.0,2
4,60000,0,0,60000,15000.0,0.0,0.0,1.0,0
1,5000,0,0,5000,5000.0,0.0,0.0,1.0,4
1,10000,10000,0,0,10000.0,1.0,0.0,0.0,1
2,28000,28000,0,0,14000.0,1.0,0.0,0.0,1
3,45000,0,0,45000,15000.0,0.0,0.0,1.0,0
1,18000,18000,0,0,18000.0,1.0,0.0,0.0,1
4,60000,0,0,60000,15000.0,0.0,0.0,1.0,0
1,18000,18000,0,0,18000.0,1.0,0.0,0.0,1
3,45000,0,0,45000,15000.0,0.0,0.0,1.0,0
2,30000,0,0,30000,15000.0,0.0,0.0,1.0,0
1,5000,0,0,5000,5000.0,0.0,0.0,1.0,4
1,5000,0,0,5000,5000.0,0.0,0.0,1.0,4
3,15000,0,0,15000,5000.0,0.0,0.0,1.0,4
1,12000,12000,0,0,12000.0,1.0,0.0,0.0,1
4,66000,36000,0,30000,16500.0,0.5454545454545454,0.0,0.45454545454545453,3
2,30000,0,0,30000,15000.0,0.0,0.0,1.0,0
4,60000,0,0,60000,15000.0,0.0,0.0,1.0,0
5,75000,0,0,75000,15000.0,0.0,0.0,1.0,0
3,45000,0,0,45000,15000.0,0.0,0.0,1.0,0
1,5000,0,0,5000,5000.0,0.0,0.0,1.0,4
3,15000,0,0,15000,5000.0,0.0,0.0,1.0,4
1,15000,0,0,15000,15000.0,0.0,0.0,1.0,0
4,40000,40000,0,0,10000.0,1.0,0.0,0.0,1
1,15000,0,0,15000,15000.0,0.0,0.0,1.0,0
1,12000,12000,0,0,12000.0,1.0,0.0,0.0,1
1,8000,0,0,8000,8000.0,0.0,0.0,1.0,4
2,36000,36000,0,0,18000.0,1.0,0.0,0.0,1
3,48000,48000,0,0,16000.0,1.0,0.0,0.0,1
1,15000,0,0,15000,15000.0,0.0,0.0,1.0,0
2,30000,0,15000,15000,15000.0,0.0,0.5,0.5,2
4,27000,0,12000,15000,6750.0,0.0,0.4444444444444444,0.5555555555555556,4
1,18000,18000,0,0,18000.0,1.0,0.0,0.0,1
1,9000,0,9000,0,9000.0,0.0,1.0,0.0,2
3,30000,30000,0,0,10000.0,1.0,0.0,0.0,1
1,15000,0,15000,0,15000.0,0.0,1.0,0.0,2
4,42000,42000,0,0,10500.0,1.0,0.0,0.0,1
1,15000,0,15000,0,15000.0,0.0,1.0,0.0,2
3,15000,0,0,15000,5000.0,0.0,0.0,1.0,4
3,27000,0,27000,0,9000.0,0.0,1.0,0.0,2
1,9000,0,9000,0,9000.0,0.0,1.0,0.0,2
4,72000,72000,0,0,18000.0,1.0,0.0,0.0,1
1,15000,0,15000,0,15000.0,0.0,1.0,0.0,2
1,15000,0,0,15000,15000.0,0.0,0.0,1.0,0
1,10000,10000,0,0,10000.0,1.0,0.0,0.0,1
1,18000,18000,0,0,18000.0,1.0,0.0,0.0,1
2,36000,36000,0,0,18000.0,1.0,0.0,0.0,1
8,91000,36000,0,55000,11375.0,0.3956043956043956,0.0,0.6043956043956044,3
1,12000,0,12000,0,12000.0,0.0,1.0,0.0,2
5,72000,12000,30000,30000,14400.0,0.16666666666666666,0.4166666666666667,0.4166666666666667,3
1,15000,0,0,15000,15000.0,0.0,0.0,1.0,0
1,15000,0,0,15000,15000.0,0.0,0.0,1.0,0
2,18000,0,18000,0,9000.0,0.0,1.0,0.0,2
3,54000,54000,0,0,18000.0,1.0,0.0,0.0,1
1,18000,18000,0,0,18000.0,1.0,0.0,0.0,1
3,36000,36000,0,0,12000.0,1.0,0.0,0.0,1
3,36000,0,36000,0,12000.0,0.0,1.0,0.0,2
1,9000,0,9000,0,9000.0,0.0,1.0,0.0,2
4,32000,0,32000,0,8000.0,0.0,1.0,0.0,2
2,36000,36000,0,0,18000.0,1.0,0.0,0.0,1
4,72000,72000,0,0,18000.0,1.0,0.0,0.0,1
1,12000,12000,0,0,12000.0,1.0,0.0,0.0,1
2,30000,0,0,30000,15000.0,0.0,0.0,1.0,0
1,12000,12000,0,0,12000.0,1.0,0.0,0.0,1
1,5000,0,0,5000,5000.0,0.0,0.0,1.0,4
6,68000,20000,48000,0,11333.333333333334,0.29411764705882354,0.7058823529411765,0.0,3
3,36000,36000,0,0,12000.0,1.0,0.0,0.0,1
3,45000,0,45000,0,15000.0,0.0,1.0,0.0,2
6,68000,36000,32000,0,11333.333333333334,0.5294117647058824,0.47058823529411764,0.0,3
2,30000,0,30000,0,15000.0,0.0,1.0,0.0,2
3,24000,0,24000,0,8000.0,0.0,1.0,0.0,2
3,45000,0,0,45000,15000.0,0.0,0.0,1.0,0
1,9000,0,9000,0,9000.0,0.0,1.0,0.0,2
3,15000,0,0,15000,5000.0,0.0,0.0,1.0,4
1,14000,0,14000,0,14000.0,0.0,1.0,0.0,2
1,15000,0,15000,0,15000.0,0.0,1.0,0.0,2
1,5000,0,0,5000,5000.0,0.0,0.0,1.0,4
2,30000,0,0,30000,15000.0,0.0,0.0,1.0,0
4,42000,42000,0,0,10500.0,1.0,0.0,0.0,1
2,24000,24000,0,0,12000.0,1.0,0.0,0.0,1
4,48000,48000,0,0,12000.0,1.0,0.0,0.0,1
1,15000,0,0,15000,15000.0,0.0,0.0,1.0,0
2,24000,0,24000,0,12000.0,0.0,1.0,0.0,2
2,20000,20000,0,0,10000.0,1.0,0.0,0.0,1
1,10000,10000,0,0,10000.0,1.0,0.0,0.0,1
2,24000,24000,0,0,12000.0,1.0,0.0,0.0,1
3,45000,0,0,45000,15000.0,0.0,0.0,1.0,0
1,14000,0,14000,0,14000.0,0.0,1.0,0.0,2
5,57000,0,57000,0,11400.0,0.0,1.0,0.0,2
1,5000,0,0,5000,5000.0,0.0,0.0,1.0,4
1,15000,0,0,15000,15000.0,0.0,0.0,1.0,0
4,72000,72000,0,0,18000.0,1.0,0.0,0.0,1
2,16000,0,16000,0,8000.0,0.0,1.0,0.0,2
1,9000,0,9000,0,9000.0,0.0,1.0,0.0,2
1,18000,18000,0,0,18000.0,1.0,0.0,0.0,1
2,24000,24000,0,0,12000.0,1.0,0.0,0.0,1
1,8000,0,8000,0,8000.0,0.0,1.0,0.0,2
2,36000,36000,0,0,18000.0,1.0,0.0,0.0,1
2,28000,0,28000,0,14000.0,0.0,1.0,0.0,2
1,12000,12000,0,0,12000.0,1.0,0.0,0.0,1
2,20000,20000,0,0,10000.0,1.0,0.0,0.0,1
3,15000,0,0,15000,5000.0,0.0,0.0,1.0,4
1,12000,12000,0,0,12000.0,1.0,0.0,0.0,1
2,30000,0,0,30000,15000.0,0.0,0.0,1.0,0
2,10000,0,0,10000,5000.0,0.0,0.0,1.0,4
4,32000,0,32000,0,8000.0,0.0,1.0,0.0,2
3,54000,54000,0,0,18000.0,1.0,0.0,0.0,1
3,15000,0,0,15000,5000.0,0.0,0.0,1.0,4
2,28000,0,28000,0,14000.0,0.0,1.0,0.0,2
1,10000,10000,0,0,10000.0,1.0,0.0,0.0,1
4,48000,48000,0,0,12000.0,1.0,0.0,0.0,1
3,54000,54000,0,0,18000.0,1.0,0.0,0.0,1
1,15000,0,0,15000,15000.0,0.0,0.0,1.0,0
8,96000,40000,56000,0,12000.0,0.4166666666666667,0.5833333333333334,0.0,3
3,45000,0,0,45000,15000.0,0.0,0.0,1.0,0
1,15000,0,0,15000,15000.0,0.0,0.0,1.0,0
1,15000,0,0,15000,15000.0,0.0,0.0,1.0,0
1,15000,0,15000,0,15000.0,0.0,1.0,0.0,2
1,5000,0,0,5000,5000.0,0.0,0.0,1.0,4
2,36000,36000,0,0,18000.0,1.0,0.0,0.0,1
1,15000,0,0,15000,15000.0,0.0,0.0,1.0,0
1,8000,0,8000,0,8000.0,0.0,1.0,0.0,2
2,16000,0,16000,0,8000.0,0.0,1.0,0.0,2
3,27000,0,27000,0,9000.0,0.0,1.0,0.0,2
1,14000,0,14000,0,14000.0,0.0,1.0,0.0,2
2,36000,36000,0,0,18000.0,1.0,0.0,0.0,1
2,20000,20000,0,0,10000.0,1.0,0.0,0.0,1
3,30000,30000,0,0,10000.0,1.0,0.0,0.0,1
2,16000,0,0,16000,8000.0,0.0,0.0,1.0,4
5,75000,0,0,75000,15000.0,0.0,0.0,1.0,0
1,18000,18000,0,0,18000.0,1.0,0.0,0.0,1
2,36000,36000,0,0,18000.0,1.0,0.0,0.0,1
1,18000,18000,0,0,18000.0,1.0,0.0,0.0,1
3,27000,0,27000,0,9000.0,0.0,1.0,0.0,2
1,5000,0,0,5000,5000.0,0.0,0.0,1.0,4
1,9000,0,9000,0,9000.0,0.0,1.0,0.0,2
3,45000,0,0,45000,15000.0,0.0,0.0,1.0,0
3,36000,36000,0,0,12000.0,1.0,0.0,0.0,1
5,78000,78000,0,0,15600.0,1.0,0.0,0.0,3
2,10000,0,0,10000,5000.0,0.0,0.0,1.0,4
1,15000,0,0,15000,15000.0,0.0,0.0,1.0,0
1,5000,0,0,5000,5000.0,0.0,0.0,1.0,4
2,24000,24000,0,0,12000.0,1.0,0.0,0.0,1
1,9000,0,9000,0,9000.0,0.0,1.0,0.0,2
1,18000,18000,0,0,18000.0,1.0,0.0,0.0,1
8,102000,72000,0,30000,12750.0,0.7058823529411765,0.0,0.29411764705882354,3
1,16000,16000,0,0,16000.0,1.0,0.0,0.0,1
4,60000,0,60000,0,15000.0,0.0,1.0,0.0,2
1,15000,0,15000,0,15000.0,0.0,1.0,0.0,2
1,15000,0,0,15000,15000.0,0.0,0.0,1.0,0
2,28000,0,28000,0,14000.0,0.0,1.0,0.0,2
1,18000,18000,0,0,18000.0,1.0,0.0,0.0,1
1,15000,0,15000,0,15000.0,0.0,1.0,0.0,2
4,40000,40000,0,0,10000.0,1.0,0.0,0.0,1
2,20000,20000,0,0,10000.0,1.0,0.0,0.0,1
2,30000,0,0,30000,15000.0,0.0,0.0,1.0,0
1,15000,0,0,15000,15000.0,0.0,0.0,1.0,0
4,38000,30000,8000,0,9500.0,0.7894736842105263,0.21052631578947367,0.0,1
4,36000,0,36000,0,9000.0,0.0,1.0,0.0,2
3,30000,30000,0,0,10000.0,1.0,0.0,0.0,1
2,10000,0,0,10000,5000.0,0.0,0.0,1.0,4
4,25000,10000,0,15000,6250.0,0.4,0.0,0.6,4
4,72000,72000,0,0,18000.0,1.0,0.0,0.0,1
2,36000,36000,0,0,18000.0,1.0,0.0,0.0,1
1,15000,0,15000,0,15000.0,0.0,1.0,0.0,2
7,95000,0,45000,50000,13571.42857142857,0.0,0.47368421052631576,0.5263157894736842,3
1,12000,12000,0,0,12000.0,1.0,0.0,0.0,1
3,45000,0,45000,0,15000.0,0.0,1.0,0.0,2
1,5000,0,0,5000,5000.0,0.0,0.0,1.0,4
4,48000,0,48000,0,12000.0,0.0,1.0,0.0,2
2,24000,0,24000,0,12000.0,0.0,1.0,0.0,2
2,36000,36000,0,0,18000.0,1.0,0.0,0.0,1
5,65000,0,0,65000,13000.0,0.0,0.0,1.0,0
4,51000,0,51000,0,12750.0,0.0,1.0,0.0,2
4,72000,72000,0,0,18000.0,1.0,0.0,0.0,1
5,72000,0,36000,36000,14400.0,0.0,0.5,0.5,3
1,15000,0,15000,0,15000.0,0.0,1.0,0.0,2
4,28000,0,18000,10000,7000.0,0.0,0.6428571428571429,0.35714285714285715,2
1,15000,0,15000,0,15000.0,0.0,1.0,0.0,2
3,34000,0,16000,18000,11333.333333333334,0.0,0.47058823529411764,0.5294117647058824,2
1,9000,0,9000,0,9000.0,0.0,1.0,0.0,2
2,16000,0,16000,0,8000.0,0.0,1.0,0.0,2
1,5000,0,0,5000,5000.0,0.0,0.0,1.0,4
2,24000,24000,0,0,12000.0,1.0,0.0,0.0,1
5,80000,72000,8000,0,16000.0,0.9,0.1,0.0,3
3,45000,0,0,45000,15000.0,0.0,0.0,1.0,0
2,16000,0,16000,0,8000.0,0.0,1.0,0.0,2
7,85000,40000,45000,0,12142.857142857143,0.47058823529411764,0.5294117647058824,0.0,3
1,12000,0,12000,0,12000.0,0.0,1.0,0.0,2
2,36000,36000,0,0,18000.0,1.0,0.0,0.0,1
4,56000,0,56000,0,14000.0,0.0,1.0,0.0,2
4,48000,48000,0,0,12000.0,1.0,0.0,0.0,1
2,36000,36000,0,0,18000.0,1.0,0.0,0.0,1
1,12000,12000,0,0,12000.0,1.0,0.0,0.0,1
2,14000,0,0,14000,7000.0,0.0,0.0,1.0,4
1,12000,0,12000,0,12000.0,0.0,1.0,0.0,2
1,10000,10000,0,0,10000.0,1.0,0.0,0.0,1
4,72000,72000,0,0,18000.0,1.0,0.0,0.0,1
3,15000,0,0,15000,5000.0,0.0,0.0,1.0,4
1,5000,0,0,5000,5000.0,0.0,0.0,1.0,4
4,20000,0,0,20000,5000.0,0.0,0.0,1.0,4
3,45000,0,0,45000,15000.0,0.0,0.0,1.0,0
1,15000,0,0,15000,15000.0,0.0,0.0,1.0,0
3,21000,0,0,21000,7000.0,0.0,0.0,1.0,4
1,15000,0,0,15000,15000.0,0.0,0.0,1.0,0
1,18000,18000,0,0,18000.0,1.0,0.0,0.0,1
1,15000,0,0,15000,15000.0,0.0,0.0,1.0,0
2,18000,0,18000,0,9000.0,0.0,1.0,0.0,2
1,12000,12000,0,0,12000.0,1.0,0.0,0.0,1
2,17000,12000,0,5000,8500.0,0.7058823529411765,0.0,0.29411764705882354,1
2,10000,0,0,10000,5000.0,0.0,0.0,1.0,4
1,15000,0,15000,0,15000.0,0.0,1.0,0.0,2
3,45000,0,0,45000,15000.0,0.0,0.0,1.0,0
1,12000,12000,0,0,12000.0,1.0,0.0,0.0,1
2,36000,36000,0,0,18000.0,1.0,0.0,0.0,1
1,5000,0,0,5000,5000.0,0.0,0.0,1.0,4
1,10000,10000,0,0,10000.0,1.0,0.0,0.0,1
7,105000,0,0,105000,15000.0,0.0,0.0,1.0,0
1,15000,0,0,15000,15000.0,0.0,0.0,1.0,0
4,32000,0,27000,5000,8000.0,0.0,0.84375,0.15625,2
2,24000,24000,0,0,12000.0,1.0,0.0,0.0,1
3,15000,0,0,15000,5000.0,0.0,0.0,1.0,4
1,15000,0,15000,0,15000.0,0.0,1.0,0.0,2
2,36000,36000,0,0,18000.0,1.0,0.0,0.0,1
3,27000,0,27000,0,9000.0,0.0,1.0,0.0,2
1,15000,0,0,15000,15000.0,0.0,0.0,1.0,0
1,15000,0,0,15000,15000.0,0.0,0.0,1.0,0
2,24000,24000,0,0,12000.0,1.0,0.0,0.0,1
2,20000,20000,0,0,10000.0,1.0,0.0,0.0,1
7,117000,72000,0,45000,16714.285714285714,0.6153846153846154,0.0,0.38461538461538464,3
1,8000,0,0,8000,8000.0,0.0,0.0,1.0,4
1,9000,0,9000,0,9000.0,0.0,1.0,0.0,2
2,18000,0,18000,0,9000.0,0.0,1.0,0.0,2
2,16000,0,0,16000,8000.0,0.0,0.0,1.0,4
6,86000,0,86000,0,14333.333333333334,0.0,1.0,0.0,3
1,15000,0,0,15000,15000.0,0.0,0.0,1.0,0
1,9000,0,9000,0,9000.0,0.0,1.0,0.0,2
4,32000,0,32000,0,8000.0,0.0,1.0,0.0,2
1,12000,12000,0,0,12000.0,1.0,0.0,0.0,1
3,45000,0,45000,0,15000.0,0.0,1.0,0.0,2
4,48000,0,48000,0,12000.0,0.0,1.0,0.0,2
2,30000,0,0,30000,15000.0,0.0,0.0,1.0,0
2,30000,0,0,30000,15000.0,0.0,0.0,1.0,0
1,15000,0,0,15000,15000.0,0.0,0.0,1.0,0
1,9000,0,9000,0,9000.0,0.0,1.0,0.0,2
3,15000,0,0,15000,5000.0,0.0,0.0,1.0,4
2,16000,0,16000,0,8000.0,0.0,1.0,0.0,2
7,70000,70000,0,0,10000.0,1.0,0.0,0.0,3
7,102000,54000,48000,0,14571.42857142857,0.5294117647058824,0.47058823529411764,0.0,3
1,12000,12000,0,0,12000.0,1.0,0.0,0.0,1
1,15000,0,0,15000,15000.0,0.0,0.0,1.0,0
1,15000,0,15000,0,15000.0,0.0,1.0,0.0,2
2,30000,0,0,30000,15000.0,0.0,0.0,1.0,0
2,20000,20000,0,0,10000.0,1.0,0.0,0.0,1
1,18000,18000,0,0,18000.0,1.0,0.0,0.0,1
1,5000,0,0,5000,5000.0,0.0,0.0,1.0,4
1,15000,0,15000,0,15000.0,0.0,1.0,0.0,2
1,12000,0,12000,0,12000.0,0.0,1.0,0.0,2
7,117000,72000,0,45000,16714.285714285714,0.6153846153846154,0.0,0.38461538461538464,3
3,30000,30000,0,0,10000.0,1.0,0.0,0.0,1
3,29000,24000,0,5000,9666.666666666666,0.8275862068965517,0.0,0.1724137931034483,1
2,30000,0,30000,0,15000.0,0.0,1.0,0.0,2
4,24000,0,9000,15000,6000.0,0.0,0.375,0.625,4
3,54000,54000,0,0,18000.0,1.0,0.0,0.0,1
1,8000,0,8000,0,8000.0,0.0,1.0,0.0,2
3,27000,0,27000,0,9000.0,0.0,1.0,0.0,2
4,64000,64000,0,0,16000.0,1.0,0.0,0.0,1
2,20000,20000,0,0,10000.0,1.0,0.0,0.0,1
3,35000,0,30000,5000,11666.666666666666,0.0,0.8571428571428571,0.14285714285714285,2
1,15000,0,15000,0,15000.0,0.0,1.0,0.0,2
3,54000,54000,0,0,18000.0,1.0,0.0,0.0,1
2,10000,0,0,10000,5000.0,0.0,0.0,1.0,4
4,32000,0,32000,0,8000.0,0.0,1.0,0.0,2
8,120000,0,60000,60000,15000.0,0.0,0.5,0.5,3
1,10000,10000,0,0,10000.0,1.0,0.0,0.0,1
4,60000,0,0,60000,15000.0,0.0,0.0,1.0,0
1,18000,18000,0,0,18000.0,1.0,0.0,0.0,1
2,30000,0,0,30000,15000.0,0.0,0.0,1.0,0
3,54000,54000,0,0,18000.0,1.0,0.0,0.0,1
1,12000,12000,0,0,12000.0,1.0,0.0,0.0,1
2,20000,20000,0,0,10000.0,1.0,0.0,0.0,1
1,12000,0,12000,0,12000.0,0.0,1.0,0.0,2
1,12000,0,12000,0,12000.0,0.0,1.0,0.0,2
1,10000,10000,0,0,10000.0,1.0,0.0,0.0,1
1,18000,18000,0,0,18000.0,1.0,0.0,0.0,1
3,30000,12000,18000,0,10000.0,0.4,0.6,0.0,2
2,36000,36000,0,0,18000.0,1.0,0.0,0.0,1
2,18000,0,18000,0,9000.0,0.0,1.0,0.0,2
1,15000,0,0,15000,15000.0,0.0,0.0,1.0,0
2,33000,18000,0,15000,16500.0,0.5454545454545454,0.0,0.45454545454545453,1
6,60000,0,45000,15000,10000.0,0.0,0.75,0.25,3
3,36000,36000,0,0,12000.0,1.0,0.0,0.0,1
4,66000,36000,0,30000,16500.0,0.5454545454545454,0.0,0.45454545454545453,3
6,30000,0,0,30000,5000.0,0.0,0.0,1.0,4
6,72000,18000,54000,0,12000.0,0.25,0.75,0.0,3
5,75000,0,0,75000,15000.0,0.0,0.0,1.0,0
2,36000,36000,0,0,18000.0,1.0,0.0,0.0,1
1,18000,18000,0,0,18000.0,1.0,0.0,0.0,1
5,57000,0,27000,30000,11400.0,0.0,0.47368421052631576,0.5263157894736842,3
2,30000,0,0,30000,15000.0,0.0,0.0,1.0,0
5,32000,12000,0,20000,6400.0,0.375,0.0,0.625,4
5,90000,90000,0,0,18000.0,1.0,0.0,0.0,3
2,36000,36000,0,0,18000.0,1.0,0.0,0.0,1
8,100000,40000,60000,0,12500.0,0.4,0.6,0.0,3
3,45000,0,0,45000,15000.0,0.0,0.0,1.0,0
1,10000,10000,0,0,10000.0,1.0,0.0,0.0,1
3,15000,0,0,15000,5000.0,0.0,0.0,1.0,4
4,44000,44000,0,0,11000.0,1.0,0.0,0.0,1
1,12000,12000,0,0,12000.0,1.0,0.0,0.0,1
3,54000,54000,0,0,18000.0,1.0,0.0,0.0,1
2,24000,24000,0,0,12000.0,1.0,0.0,0.0,1
3,54000,54000,0,0,18000.0,1.0,0.0,0.0,1
3,36000,0,36000,0,12000.0,0.0,1.0,0.0,2
4,41000,36000,0,5000,10250.0,0.8780487804878049,0.0,0.12195121951219512,1
3,45000,0,0,45000,15000.0,0.0,0.0,1.0,0
2,36000,36000,0,0,18000.0,1.0,0.0,0.0,1
2,24000,24000,0,0,12000.0,1.0,0.0,0.0,1
2,30000,0,0,30000,15000.0,0.0,0.0,1.0,0
1,12000,12000,0,0,12000.0,1.0,0.0,0.0,1
1,15000,0,0,15000,15000.0,0.0,0.0,1.0,0
1,12000,12000,0,0,12000.0,1.0,0.0,0.0,1
4,72000,72000,0,0,18000.0,1.0,0.0,0.0,1
1,18000,18000,0,0,18000.0,1.0,0.0,0.0,1
2,14000,0,9000,5000,7000.0,0.0,0.6428571428571429,0.35714285714285715,2
1,10000,10000,0,0,10000.0,1.0,0.0,0.0,1
5,55000,40000,15000,0,11000.0,0.7272727272727273,0.2727272727272727,0.0,3
4,62000,54000,8000,0,15500.0,0.8709677419354839,0.12903225806451613,0.0,1
4,42000,30000,12000,0,10500.0,0.7142857142857143,0.2857142857142857,0.0,1
2,30000,0,0,30000,15000.0,0.0,0.0,1.0,0
1,18000,18000,0,0,18000.0,1.0,0.0,0.0,1
4,48000,48000,0,0,12000.0,1.0,0.0,0.0,1
1,5000,0,0,5000,5000.0,0.0,0.0,1.0,4
3,24000,0,24000,0,8000.0,0.0,1.0,0.0,2
6,105000,90000,0,15000,17500.0,0.8571428571428571,0.0,0.14285714285714285,3
2,20000,20000,0,0,10000.0,1.0,0.0,0.0,1
6,108000,108000,0,0,18000.0,1.0,0.0,0.0,3
1,18000,18000,0,0,18000.0,1.0,0.0,0.0,1
3,54000,54000,0,0,18000.0,1.0,0.0,0.0,1
6,81000,36000,0,45000,13500.0,0.4444444444444444,0.0,0.5555555555555556,3
1,5000,0,0,5000,5000.0,0.0,0.0,1.0,4
2,23000,0,23000,0,11500.0,0.0,1.0,0.0,2
3,36000,36000,0,0,12000.0,1.0,0.0,0.0,1
3,15000,0,0,15000,5000.0,0.0,0.0,1.0,4
3,45000,0,0,45000,15000.0,0.0,0.0,1.0,0
4,48000,48000,0,0,12000.0,1.0,0.0,0.0,1
3,36000,36000,0,0,12000.0,1.0,0.0,0.0,1
6,58000,40000,18000,0,9666.666666666666,0.6896551724137931,0.3103448275862069,0.0,3
3,22000,12000,0,10000,7333.333333333333,0.5454545454545454,0.0,0.45454545454545453,4
6,57000,30000,27000,0,9500.0,0.5263157894736842,0.47368421052631576,0.0,3
4,72000,72000,0,0,18000.0,1.0,0.0,0.0,1
2,20000,0,0,20000,10000.0,0.0,0.0,1.0,4
4,20000,0,0,20000,5000.0,0.0,0.0,1.0,4
1,15000,0,15000,0,15000.0,0.0,1.0,0.0,2
2,36000,36000,0,0,18000.0,1.0,0.0,0.0,1
4,72000,72000,0,0,18000.0,1.0,0.0,0.0,1
2,30000,0,0,30000,15000.0,0.0,0.0,1.0,0
2,30000,0,0,30000,15000.0,0.0,0.0,1.0,0
2,30000,0,0,30000,15000.0,0.0,0.0,1.0,0
5,66000,36000,0,30000,13200.0,0.5454545454545454,0.0,0.45454545454545453,3
1,10000,10000,0,0,10000.0,1.0,0.0,0.0,1
1,9000,0,9000,0,9000.0,0.0,1.0,0.0,2
1,18000,18000,0,0,18000.0,1.0,0.0,0.0,1
2,10000,0,0,10000,5000.0,0.0,0.0,1.0,4
3,45000,0,45000,0,15000.0,0.0,1.0,0.0,2
4,48000,48000,0,0,12000.0,1.0,0.0,0.0,1
2,36000,36000,0,0,18000.0,1.0,0.0,0.0,1
3,27000,0,27000,0,9000.0,0.0,1.0,0.0,2
1,18000,18000,0,0,18000.0,1.0,0.0,0.0,1
1,15000,0,15000,0,15000.0,0.0,1.0,0.0,2
2,20000,20000,0,0,10000.0,1.0,0.0,0.0,1
2,10000,0,0,10000,5000.0,0.0,0.0,1.0,4
1,18000,18000,0,0,18000.0,1.0,0.0,0.0,1
1,5000,0,0,5000,5000.0,0.0,0.0,1.0,4
1,18000,18000,0,0,18000.0,1.0,0.0,0.0,1
3,30000,30000,0,0,10000.0,1.0,0.0,0.0,1
2,10000,0,0,10000,5000.0,0.0,0.0,1.0,4
1,10000,10000,0,0,10000.0,1.0,0.0,0.0,1
1,15000,0,0,15000,15000.0,0.0,0.0,1.0,0
1,10000,10000,0,0,10000.0,1.0,0.0,0.0,1
3,54000,54000,0,0,18000.0,1.0,0.0,0.0,1
2,30000,0,0,30000,15000.0,0.0,0.0,1.0,0
3,15000,0,0,15000,5000.0,0.0,0.0,1.0,4
3,27000,0,27000,0,9000.0,0.0,1.0,0.0,2
5,75000,0,30000,45000,15000.0,0.0,0.4,0.6,3
3,27000,0,27000,0,9000.0,0.0,1.0,0.0,2
4,36000,0,36000,0,9000.0,0.0,1.0,0.0,2
1,10000,10000,0,0,10000.0,1.0,0.0,0.0,1
3,45000,0,0,45000,15000.0,0.0,0.0,1.0,0
2,30000,0,30000,0,15000.0,0.0,1.0,0.0,2
2,30000,0,30000,0,15000.0,0.0,1.0,0.0,2
3,45000,0,0,45000,15000.0,0.0,0.0,1.0,0
4,72000,72000,0,0,18000.0,1.0,0.0,0.0,1
1,12000,0,12000,0,12000.0,0.0,1.0,0.0,2
1,15000,0,15000,0,15000.0,0.0,1.0,0.0,2
3,36000,36000,0,0,12000.0,1.0,0.0,0.0,1
1,5000,0,0,5000,5000.0,0.0,0.0,1.0,4
2,10000,0,0,10000,5000.0,0.0,0.0,1.0,4
1,18000,18000,0,0,18000.0,1.0,0.0,0.0,1
4,60000,0,60000,0,15000.0,0.0,1.0,0.0,2
1,18000,18000,0,0,18000.0,1.0,0.0,0.0,1
3,54000,54000,0,0,18000.0,1.0,0.0,0.0,1
6,76000,36000,0,40000,12666.666666666666,0.47368421052631576,0.0,0.5263157894736842,3
2,24000,0,24000,0,12000.0,0.0,1.0,0.0,2
1,15000,0,0,15000,15000.0,0.0,0.0,1.0,0
2,30000,18000,12000,0,15000.0,0.6,0.4,0.0,1
1,5000,0,0,5000,5000.0,0.0,0.0,1.0,4
2,36000,36000,0,0,18000.0,1.0,0.0,0.0,1
1,5000,0,0,5000,5000.0,0.0,0.0,1.0,4
4,40000,40000,0,0,10000.0,1.0,0.0,0.0,1
4,36000,0,36000,0,9000.0,0.0,1.0,0.0,2
2,20000,20000,0,0,10000.0,1.0,0.0,0.0,1
2,30000,0,0,30000,15000.0,0.0,0.0,1.0,0
4,72000,72000,0,0,18000.0,1.0,0.0,0.0,1
3,45000,0,45000,0,15000.0,0.0,1.0,0.0,2
3,45000,0,0,45000,15000.0,0.0,0.0,1.0,0
1,12000,12000,0,0,12000.0,1.0,0.0,0.0,1
1,8000,0,8000,0,8000.0,0.0,1.0,0.0,2
1,15000,0,15000,0,15000.0,0.0,1.0,0.0,2
2,36000,36000,0,0,18000.0,1.0,0.0,0.0,1
4,72000,72000,0,0,18000.0,1.0,0.0,0.0,1
5,82000,82000,0,0,16400.0,1.0,0.0,0.0,3
1,10000,10000,0,0,10000.0,1.0,0.0,0.0,1
3,54000,54000,0,0,18000.0,1.0,0.0,0.0,1
2,18000,0,18000,0,9000.0,0.0,1.0,0.0,2
1,18000,18000,0,0,18000.0,1.0,0.0,0.0,1
2,36000,36000,0,0,18000.0,1.0,0.0,0.0,1
2,24000,24000,0,0,12000.0,1.0,0.0,0.0,1
1,15000,0,0,15000,15000.0,0.0,0.0,1.0,0
1,12000,12000,0,0,12000.0,1.0,0.0,0.0,1
1,15000,0,0,15000,15000.0,0.0,0.0,1.0,0
1,15000,0,15000,0,15000.0,0.0,1.0,0.0,2
1,12000,12000,0,0,12000.0,1.0,0.0,0.0,1
1,12000,0,12000,0,12000.0,0.0,1.0,0.0,2
2,30000,0,0,30000,15000.0,0.0,0.0,1.0,0
1,18000,18000,0,0,18000.0,1.0,0.0,0.0,1
1,15000,0,15000,0,15000.0,0.0,1.0,0.0,2
1,10000,10000,0,0,10000.0,1.0,0.0,0.0,1
1,9000,0,9000,0,9000.0,0.0,1.0,0.0,2
1,5000,0,0,5000,5000.0,0.0,0.0,1.0,4
1,5000,0,0,5000,5000.0,0.0,0.0,1.0,4
7,75000,0,60000,15000,10714.285714285714,0.0,0.8,0.2,3
2,24000,0,24000,0,12000.0,0.0,1.0,0.0,2
4,72000,72000,0,0,18000.0,1.0,0.0,0.0,1
2,24000,0,24000,0,12000.0,0.0,1.0,0.0,2
2,30000,0,30000,0,15000.0,0.0,1.0,0.0,2
1,18000,18000,0,0,18000.0,1.0,0.0,0.0,1
2,10000,0,0,10000,5000.0,0.0,0.0,1.0,4
2,30000,0,0,30000,15000.0,0.0,0.0,1.0,0
2,24000,24000,0,0,12000.0,1.0,0.0,0.0,1
7,85000,40000,0,45000,12142.857142857143,0.47058823529411764,0.0,0.5294117647058824,3
3,15000,0,0,15000,5000.0,0.0,0.0,1.0,4
3,31000,0,31000,0,10333.333333333334,0.0,1.0,0.0,2
5,78000,18000,45000,15000,15600.0,0.23076923076923078,0.5769230769230769,0.19230769230769232,3
1,18000,18000,0,0,18000.0,1.0,0.0,0.0,1
4,48000,48000,0,0,12000.0,1.0,0.0,0.0,1
3,15000,0,0,15000,5000.0,0.0,0.0,1.0,4
2,20000,20000,0,0,10000.0,1.0,0.0,0.0,1
6,81000,36000,0,45000,13500.0,0.4444444444444444,0.0,0.5555555555555556,3
2,18000,0,18000,0,9000.0,0.0,1.0,0.0,2
3,24000,0,24000,0,8000.0,0.0,1.0,0.0,2
5,75000,0,0,75000,15000.0,0.0,0.0,1.0,0
2,16000,0,16000,0,8000.0,0.0,1.0,0.0,2
2,20000,20000,0,0,10000.0,1.0,0.0,0.0,1
2,30000,0,30000,0,15000.0,0.0,1.0,0.0,2
4,60000,0,0,60000,15000.0,0.0,0.0,1.0,0
1,5000,0,0,5000,5000.0,0.0,0.0,1.0,4
8,92000,72000,0,20000,11500.0,0.782608695652174,0.0,0.21739130434782608,3
2,36000,36000,0,0,18000.0,1.0,0.0,0.0,1
3,54000,54000,0,0,18000.0,1.0,0.0,0.0,1
5,45000,0,30000,15000,9000.0,0.0,0.6666666666666666,0.3333333333333333,2
1,9000,0,9000,0,9000.0,0.0,1.0,0.0,2
3,21000,0,16000,5000,7000.0,0.0,0.7619047619047619,0.23809523809523808,2
3,30000,30000,0,0,10000.0,1.0,0.0,0.0,1
1,12000,12000,0,0,12000.0,1.0,0.0,0.0,1
2,36000,36000,0,0,18000.0,1.0,0.0,0.0,1
2,36000,36000,0,0,18000.0,1.0,0.0,0.0,1
3,30000,30000,0,0,10000.0,1.0,0.0,0.0,1
1,9000,0,9000,0,9000.0,0.0,1.0,0.0,2
2,36000,36000,0,0,18000.0,1.0,0.0,0.0,1
2,36000,36000,0,0,18000.0,1.0,0.0,0.0,1
1,15000,0,15000,0,15000.0,0.0,1.0,0.0,2
3,45000,0,0,45000,15000.0,0.0,0.0,1.0,0
3,36000,36000,0,0,12000.0,1.0,0.0,0.0,1
1,9000,0,9000,0,9000.0,0.0,1.0,0.0,2
1,18000,18000,0,0,18000.0,1.0,0.0,0.0,1
1,18000,18000,0,0,18000.0,1.0,0.0,0.0,1
4,56000,0,56000,0,14000.0,0.0,1.0,0.0,2
2,20000,20000,0,0,10000.0,1.0,0.0,0.0,1
4,40000,40000,0,0,10000.0,1.0,0.0,0.0,1
2,30000,0,30000,0,15000.0,0.0,1.0,0.0,2
3,15000,0,0,15000,5000.0,0.0,0.0,1.0,4
1,5000,0,0,5000,5000.0,0.0,0.0,1.0,4
1,15000,0,0,15000,15000.0,0.0,0.0,1.0,0
1,12000,12000,0,0,12000.0,1.0,0.0,0.0,1
3,21000,0,16000,5000,7000.0,0.0,0.7619047619047619,0.23809523809523808,2
8,120000,120000,0,0,15000.0,1.0,0.0,0.0,3
1,5000,0,0,5000,5000.0,0.0,0.0,1.0,4
2,20000,0,15000,5000,10000.0,0.0,0.75,0.25,2
1,12000,0,12000,0,12000.0,0.0,1.0,0.0,2
6,92000,54000,8000,30000,15333.333333333334,0.5869565217391305,0.08695652173913043,0.32608695652173914,3
1,8000,0,8000,0,8000.0,0.0,1.0,0.0,2
2,30000,0,0,30000,15000.0,0.0,0.0,1.0,0
4,20000,0,0,20000,5000.0,0.0,0.0,1.0,4
2,24000,24000,0,0,12000.0,1.0,0.0,0.0,1
3,54000,54000,0,0,18000.0,1.0,0.0,0.0,1
2,18000,0,18000,0,9000.0,0.0,1.0,0.0,2
4,72000,72000,0,0,18000.0,1.0,0.0,0.0,1
2,18000,0,18000,0,9000.0,0.0,1.0,0.0,2
1,9000,0,9000,0,9000.0,0.0,1.0,0.0,2
5,66000,66000,0,0,13200.0,1.0,0.0,0.0,1
3,30000,30000,0,0,10000.0,1.0,0.0,0.0,1
5,51000,36000,0,15000,10200.0,0.7058823529411765,0.0,0.29411764705882354,3
3,36000,36000,0,0,12000.0,1.0,0.0,0.0,1
7,84000,36000,48000,0,12000.0,0.42857142857142855,0.5714285714285714,0.0,3
3,30000,30000,0,0,10000.0,1.0,0.0,0.0,1
5,81000,36000,45000,0,16200.0,0.4444444444444444,0.5555555555555556,0.0,3
7,93000,48000,0,45000,13285.714285714286,0.5161290322580645,0.0,0.4838709677419355,3
3,54000,54000,0,0,18000.0,1.0,0.0,0.0,1
2,16000,0,16000,0,8000.0,0.0,1.0,0.0,2
4,72000,72000,0,0,18000.0,1.0,0.0,0.0,1
1,18000,18000,0,0,18000.0,1.0,0.0,0.0,1
4,20000,0,0,20000,5000.0,0.0,0.0,1.0,4
3,36000,36000,0,0,12000.0,1.0,0.0,0.0,1
3,45000,36000,9000,0,15000.0,0.8,0.2,0.0,1
6,90000,54000,36000,0,15000.0,0.6,0.4,0.0,3
7,65000,0,0,65000,9285.714285714286,0.0,0.0,1.0,0
1,15000,0,0,15000,15000.0,0.0,0.0,1.0,0
2,20000,20000,0,0,10000.0,1.0,0.0,0.0,1
4,63000,54000,9000,0,15750.0,0.8571428571428571,0.14285714285714285,0.0,1
1,5000,0,0,5000,5000.0,0.0,0.0,1.0,4
2,36000,36000,0,0,18000.0,1.0,0.0,0.0,1
1,15000,0,15000,0,15000.0,0.0,1.0,0.0,2
5,84000,54000,0,30000,16800.0,0.6428571428571429,0.0,0.35714285714285715,3
1,15000,0,15000,0,15000.0,0.0,1.0,0.0,2
6,45000,30000,0,15000,7500.0,0.6666666666666666,0.0,0.3333333333333333,3
4,20000,0,0,20000,5000.0,0.0,0.0,1.0,4
3,45000,0,0,45000,15000.0,0.0,0.0,1.0,0
2,30000,0,0,30000,15000.0,0.0,0.0,1.0,0
5,50000,50000,0,0,10000.0,1.0,0.0,0.0,1
5,75000,0,60000,15000,15000.0,0.0,0.8,0.2,3
6,60000,60000,0,0,10000.0,1.0,0.0,0.0,3
2,10000,0,0,10000,5000.0,0.0,0.0,1.0,4
3,51000,36000,15000,0,17000.0,0.7058823529411765,0.29411764705882354,0.0,1
3,48000,18000,0,30000,16000.0,0.375,0.0,0.625,0
1,9000,0,9000,0,9000.0,0.0,1.0,0.0,2
1,15000,0,15000,0,15000.0,0.0,1.0,0.0,2
1,18000,18000,0,0,18000.0,1.0,0.0,0.0,1
2,30000,0,30000,0,15000.0,0.0,1.0,0.0,2
5,45000,0,30000,15000,9000.0,0.0,0.6666666666666666,0.3333333333333333,2
2,28000,28000,0,0,14000.0,1.0,0.0,0.0,1
1,12000,12000,0,0,12000.0,1.0,0.0,0.0,1
2,30000,0,30000,0,15000.0,0.0,1.0,0.0,2
3,45000,0,0,45000,15000.0,0.0,0.0,1.0,0
2,36000,36000,0,0,18000.0,1.0,0.0,0.0,1
3,15000,0,0,15000,5000.0,0.0,0.0,1.0,4
3,24000,0,24000,0,8000.0,0.0,1.0,0.0,2
6,72000,0,27000,45000,12000.0,0.0,0.375,0.625,3
4,48000,48000,0,0,12000.0,1.0,0.0,0.0,1
7,90000,36000,24000,30000,12857.142857142857,0.4,0.26666666666666666,0.3333333333333333,3
1,15000,0,0,15000,15000.0,0.0,0.0,1.0,0
4,32000,0,32000,0,8000.0,0.0,1.0,0.0,2
7,93000,66000,27000,0,13285.714285714286,0.7096774193548387,0.2903225806451613,0.0,3
2,24000,24000,0,0,12000.0,1.0,0.0,0.0,1
1,18000,18000,0,0,18000.0,1.0,0.0,0.0,1
8,62000,20000,27000,15000,7750.0,0.3225806451612903,0.43548387096774194,0.24193548387096775,3
5,58000,58000,0,0,11600.0,1.0,0.0,0.0,1
4,48000,48000,0,0,12000.0,1.0,0.0,0.0,1
2,24000,24000,0,0,12000.0,1.0,0.0,0.0,1
5,60000,60000,0,0,12000.0,1.0,0.0,0.0,1
5,75000,0,15000,60000,15000.0,0.0,0.2,0.8,0
2,30000,0,0,30000,15000.0,0.0,0.0,1.0,0
1,15000,0,15000,0,15000.0,0.0,1.0,0.0,2
5,39000,0,24000,15000,7800.0,0.0,0.6153846153846154,0.38461538461538464,2
2,30000,0,30000,0,15000.0,0.0,1.0,0.0,2
3,22000,12000,0,10000,7333.333333333333,0.5454545454545454,0.0,0.45454545454545453,4
1,9000,0,9000,0,9000.0,0.0,1.0,0.0,2
9,70000,50000,0,20000,7777.777777777777,0.7142857142857143,0.0,0.2857142857142857,3
1,5000,0,0,5000,5000.0,0.0,0.0,1.0,4
3,28000,18000,0,10000,9333.333333333334,0.6428571428571429,0.0,0.35714285714285715,1
3,35000,0,30000,5000,11666.666666666666,0.0,0.8571428571428571,0.14285714285714285,2
2,20000,20000,0,0,10000.0,1.0,0.0,0.0,1
6,30000,0,0,30000,5000.0,0.0,0.0,1.0,4
4,72000,72000,0,0,18000.0,1.0,0.0,0.0,1
5,40000,30000,0,10000,8000.0,0.75,0.0,0.25,1
3,54000,54000,0,0,18000.0,1.0,0.0,0.0,1
1,18000,18000,0,0,18000.0,1.0,0.0,0.0,1
3,45000,0,0,45000,15000.0,0.0,0.0,1.0,0
1,10000,10000,0,0,10000.0,1.0,0.0,0.0,1
2,25000,10000,0,15000,12500.0,0.4,0.0,0.6,0
2,30000,0,0,30000,15000.0,0.0,0.0,1.0,0
3,19000,0,9000,10000,6333.333333333333,0.0,0.47368421052631576,0.5263157894736842,4
2,30000,0,0,30000,15000.0,0.0,0.0,1.0,0
3,36000,36000,0,0,12000.0,1.0,0.0,0.0,1
7,88000,18000,60000,10000,12571.42857142857,0.20454545454545456,0.6818181818181818,0.11363636363636363,3
7,85000,40000,45000,0,12142.857142857143,0.47058823529411764,0.5294117647058824,0.0,3
4,60000,0,60000,0,15000.0,0.0,1.0,0.0,2
4,53000,0,53000,0,13250.0,0.0,1.0,0.0,2
1,10000,10000,0,0,10000.0,1.0,0.0,0.0,1
1,5000,0,0,5000,5000.0,0.0,0.0,1.0,4
3,39000,24000,15000,0,13000.0,0.6153846153846154,0.38461538461538464,0.0,1
2,24000,0,24000,0,12000.0,0.0,1.0,0.0,2
6,50000,0,0,50000,8333.333333333334,0.0,0.0,1.0,0
4,54000,18000,36000,0,13500.0,0.3333333333333333,0.6666666666666666,0.0,2
5,50000,50000,0,0,10000.0,1.0,0.0,0.0,1
2,24000,24000,0,0,12000.0,1.0,0.0,0.0,1
2,30000,0,0,30000,15000.0,0.0,0.0,1.0,0
2,30000,0,30000,0,15000.0,0.0,1.0,0.0,2
2,16000,0,16000,0,8000.0,0.0,1.0,0.0,2
4,54000,24000,0,30000,13500.0,0.4444444444444444,0.0,0.5555555555555556,0
3,22000,0,12000,10000,7333.333333333333,0.0,0.5454545454545454,0.45454545454545453,4
4,33000,18000,0,15000,8250.0,0.5454545454545454,0.0,0.45454545454545453,4
3,27000,0,27000,0,9000.0,0.0,1.0,0.0,2
1,12000,12000,0,0,12000.0,1.0,0.0,0.0,1
1,18000,18000,0,0,18000.0,1.0,0.0,0.0,1
4,60000,0,60000,0,15000.0,0.0,1.0,0.0,2
5,66000,36000,30000,0,13200.0,0.5454545454545454,0.45454545454545453,0.0,3
2,30000,30000,0,0,15000.0,1.0,0.0,0.0,1
2,20000,20000,0,0,10000.0,1.0,0.0,0.0,1
2,30000,0,0,30000,15000.0,0.0,0.0,1.0,0
3,54000,54000,0,0,18000.0,1.0,0.0,0.0,1
4,42000,42000,0,0,10500.0,1.0,0.0,0.0,1
1,12000,12000,0,0,12000.0,1.0,0.0,0.0,1
2,26000,18000,8000,0,13000.0,0.6923076923076923,0.3076923076923077,0.0,1
6,75000,30000,0,45000,12500.0,0.4,0.0,0.6,3
2,18000,0,18000,0,9000.0,0.0,1.0,0.0,2
4,32000,0,32000,0,8000.0,0.0,1.0,0.0,2
1,18000,18000,0,0,18000.0,1.0,0.0,0.0,1
3,15000,0,0,15000,5000.0,0.0,0.0,1.0,4
1,18000,18000,0,0,18000.0,1.0,0.0,0.0,1
1,12000,0,12000,0,12000.0,0.0,1.0,0.0,2
3,48000,48000,0,0,16000.0,1.0,0.0,0.0,1
2,36000,36000,0,0,18000.0,1.0,0.0,0.0,1
2,36000,36000,0,0,18000.0,1.0,0.0,0.0,1
3,30000,30000,0,0,10000.0,1.0,0.0,0.0,1
7,65000,0,0,65000,9285.714285714286,0.0,0.0,1.0,0
5,75000,0,0,75000,15000.0,0.0,0.0,1.0,0
4,66000,36000,0,30000,16500.0,0.5454545454545454,0.0,0.45454545454545453,3
1,15000,0,15000,0,15000.0,0.0,1.0,0.0,2
5,68000,0,68000,0,13600.0,0.0,1.0,0.0,2
1,5000,0,0,5000,5000.0,0.0,0.0,1.0,4
2,24000,12000,12000,0,12000.0,0.5,0.5,0.0,2
3,30000,30000,0,0,10000.0,1.0,0.0,0.0,1
1,9000,0,9000,0,9000.0,0.0,1.0,0.0,2
2,25000,10000,15000,0,12500.0,0.4,0.6,0.0,2
4,59000,54000,0,5000,14750.0,0.9152542372881356,0.0,0.0847457627118644,1
3,27000,0,27000,0,9000.0,0.0,1.0,0.0,2
3,45000,0,45000,0,15000.0,0.0,1.0,0.0,2
5,70000,10000,0,60000,14000.0,0.14285714285714285,0.0,0.8571428571428571,0
1,10000,10000,0,0,10000.0,1.0,0.0,0.0,1
4,60000,0,0,60000,15000.0,0.0,0.0,1.0,0
2,20000,0,20000,0,10000.0,0.0,1.0,0.0,2
1,18000,18000,0,0,18000.0,1.0,0.0,0.0,1
3,38000,0,8000,30000,12666.666666666666,0.0,0.21052631578947367,0.7894736842105263,0
1,9000,0,9000,0,9000.0,0.0,1.0,0.0,2
2,36000,36000,0,0,18000.0,1.0,0.0,0.0,1
1,12000,12000,0,0,12000.0,1.0,0.0,0.0,1
2,25000,10000,0,15000,12500.0,0.4,0.0,0.6,0
2,24000,0,24000,0,12000.0,0.0,1.0,0.0,2
3,15000,0,0,15000,5000.0,0.0,0.0,1.0,4
3,54000,54000,0,0,18000.0,1.0,0.0,0.0,1
1,15000,0,0,15000,15000.0,0.0,0.0,1.0,0
5,56000,56000,0,0,11200.0,1.0,0.0,0.0,1
1,8000,0,8000,0,8000.0,0.0,1.0,0.0,2
3,45000,0,45000,0,15000.0,0.0,1.0,0.0,2
3,54000,54000,0,0,18000.0,1.0,0.0,0.0,1
3,54000,54000,0,0,18000.0,1.0,0.0,0.0,1
1,18000,18000,0,0,18000.0,1.0,0.0,0.0,1
1,5000,0,0,5000,5000.0,0.0,0.0,1.0,4
2,21000,12000,9000,0,10500.0,0.5714285714285714,0.42857142857142855,0.0,1
3,36000,24000,12000,0,12000.0,0.6666666666666666,0.3333333333333333,0.0,1
3,30000,30000,0,0,10000.0,1.0,0.0,0.0,1
1,15000,0,0,15000,15000.0,0.0,0.0,1.0,0
2,27000,12000,15000,0,13500.0,0.4444444444444444,0.5555555555555556,0.0,2
7,76000,76000,0,0,10857.142857142857,1.0,0.0,0.0,3
1,18000,18000,0,0,18000.0,1.0,0.0,0.0,1
3,15000,0,0,15000,5000.0,0.0,0.0,1.0,4
5,65000,0,60000,5000,13000.0,0.0,0.9230769230769231,0.07692307692307693,2
3,46000,46000,0,0,15333.333333333334,1.0,0.0,0.0,1
10,144000,72000,27000,45000,14400.0,0.5,0.1875,0.3125,3
4,54000,24000,30000,0,13500.0,0.4444444444444444,0.5555555555555556,0.0,2
2,24000,24000,0,0,12000.0,1.0,0.0,0.0,1
2,24000,0,24000,0,12000.0,0.0,1.0,0.0,2
2,16000,0,16000,0,8000.0,0.0,1.0,0.0,2
3,24000,0,24000,0,8000.0,0.0,1.0,0.0,2
1,12000,12000,0,0,12000.0,1.0,0.0,0.0,1
3,39000,24000,0,15000,13000.0,0.6153846153846154,0.0,0.38461538461538464,1
1,9000,0,9000,0,9000.0,0.0,1.0,0.0,2
4,59000,54000,0,5000,14750.0,0.9152542372881356,0.0,0.0847457627118644,1
3,54000,54000,0,0,18000.0,1.0,0.0,0.0,1
7,65000,0,0,65000,9285.714285714286,0.0,0.0,1.0,0
3,54000,54000,0,0,18000.0,1.0,0.0,0.0,1
2,28000,28000,0,0,14000.0,1.0,0.0,0.0,1
1,12000,0,12000,0,12000.0,0.0,1.0,0.0,2
3,45000,0,0,45000,15000.0,0.0,0.0,1.0,0
1,12000,12000,0,0,12000.0,1.0,0.0,0.0,1
3,54000,54000,0,0,18000.0,1.0,0.0,0.0,1
2,36000,36000,0,0,18000.0,1.0,0.0,0.0,1
1,12000,0,12000,0,12000.0,0.0,1.0,0.0,2
3,54000,54000,0,0,18000.0,1.0,0.0,0.0,1
6,44000,24000,0,20000,7333.333333333333,0.5454545454545454,0.0,0.45454545454545453,3
3,36000,36000,0,0,12000.0,1.0,0.0,0.0,1
5,84000,54000,30000,0,16800.0,0.6428571428571429,0.35714285714285715,0.0,3
1,15000,0,15000,0,15000.0,0.0,1.0,0.0,2
2,36000,36000,0,0,18000.0,1.0,0.0,0.0,1
5,72000,0,12000,60000,14400.0,0.0,0.16666666666666666,0.8333333333333334,0
1,15000,0,15000,0,15000.0,0.0,1.0,0.0,2
1,5000,0,0,5000,5000.0,0.0,0.0,1.0,4
3,35000,20000,0,15000,11666.666666666666,0.5714285714285714,0.0,0.42857142857142855,1
1,12000,12000,0,0,12000.0,1.0,0.0,0.0,1
2,30000,0,0,30000,15000.0,0.0,0.0,1.0,0
3,15000,0,0,15000,5000.0,0.0,0.0,1.0,4
3,36000,36000,0,0,12000.0,1.0,0.0,0.0,1
2,16000,0,0,16000,8000.0,0.0,0.0,1.0,4
4,20000,0,0,20000,5000.0,0.0,0.0,1.0,4
4,60000,0,0,60000,15000.0,0.0,0.0,1.0,0
3,45000,0,45000,0,15000.0,0.0,1.0,0.0,2
2,36000,36000,0,0,18000.0,1.0,0.0,0.0,1
3,28000,18000,0,10000,9333.333333333334,0.6428571428571429,0.0,0.35714285714285715,1
2,10000,0,0,10000,5000.0,0.0,0.0,1.0,4
4,20000,0,0,20000,5000.0,0.0,0.0,1.0,4
4,69000,54000,15000,0,17250.0,0.782608695652174,0.21739130434782608,0.0,3
4,51000,36000,0,15000,12750.0,0.7058823529411765,0.0,0.29411764705882354,1
3,15000,0,0,15000,5000.0,0.0,0.0,1.0,4
4,60000,0,0,60000,15000.0,0.0,0.0,1.0,0
3,54000,54000,0,0,18000.0,1.0,0.0,0.0,1
2,24000,0,24000,0,12000.0,0.0,1.0,0.0,2
1,12000,12000,0,0,12000.0,1.0,0.0,0.0,1
2,24000,24000,0,0,12000.0,1.0,0.0,0.0,1
1,5000,0,0,5000,5000.0,0.0,0.0,1.0,4
2,36000,36000,0,0,18000.0,1.0,0.0,0.0,1
1,18000,18000,0,0,18000.0,1.0,0.0,0.0,1
3,54000,54000,0,0,18000.0,1.0,0.0,0.0,1
3,24000,0,0,24000,8000.0,0.0,0.0,1.0,4
1,12000,12000,0,0,12000.0,1.0,0.0,0.0,1
2,36000,36000,0,0,18000.0,1.0,0.0,0.0,1
6,102000,72000,30000,0,17000.0,0.7058823529411765,0.29411764705882354,0.0,3
1,12000,12000,0,0,12000.0,1.0,0.0,0.0,1
6,108000,108000,0,0,18000.0,1.0,0.0,0.0,3
1,12000,12000,0,0,12000.0,1.0,0.0,0.0,1
1,18000,18000,0,0,18000.0,1.0,0.0,0.0,1
2,36000,36000,0,0,18000.0,1.0,0.0,0.0,1
3,54000,54000,0,0,18000.0,1.0,0.0,0.0,1
2,36000,36000,0,0,18000.0,1.0,0.0,0.0,1
2,20000,20000,0,0,10000.0,1.0,0.0,0.0,1
1,12000,0,12000,0,12000.0,0.0,1.0,0.0,2
2,24000,24000,0,0,12000.0,1.0,0.0,0.0,1
1,18000,18000,0,0,18000.0,1.0,0.0,0.0,1
1,12000,12000,0,0,12000.0,1.0,0.0,0.0,1
1,10000,10000,0,0,10000.0,1.0,0.0,0.0,1
2,18000,0,18000,0,9000.0,0.0,1.0,0.0,2
5,25000,0,0,25000,5000.0,0.0,0.0,1.0,4
2,10000,0,0,10000,5000.0,0.0,0.0,1.0,4
2,36000,36000,0,0,18000.0,1.0,0.0,0.0,1
5,60000,60000,0,0,12000.0,1.0,0.0,0.0,1
4,20000,0,0,20000,5000.0,0.0,0.0,1.0,4
1,15000,0,15000,0,15000.0,0.0,1.0,0.0,2
2,28000,0,28000,0,14000.0,0.0,1.0,0.0,2
2,30000,0,30000,0,15000.0,0.0,1.0,0.0,2
1,12000,12000,0,0,12000.0,1.0,0.0,0.0,1
1,5000,0,0,5000,5000.0,0.0,0.0,1.0,4
5,47000,20000,27000,0,9400.0,0.425531914893617,0.574468085106383,0.0,2
4,48000,48000,0,0,12000.0,1.0,0.0,0.0,1
5,64000,54000,0,10000,12800.0,0.84375,0.0,0.15625,3
2,30000,0,0,30000,15000.0,0.0,0.0,1.0,0
1,7000,0,0,7000,7000.0,0.0,0.0,1.0,4
1,18000,18000,0,0,18000.0,1.0,0.0,0.0,1
2,18000,0,18000,0,9000.0,0.0,1.0,0.0,2
2,30000,0,0,30000,15000.0,0.0,0.0,1.0,0
1,15000,0,0,15000,15000.0,0.0,0.0,1.0,0
1,18000,18000,0,0,18000.0,1.0,0.0,0.0,1
2,24000,0,24000,0,12000.0,0.0,1.0,0.0,2
1,12000,12000,0,0,12000.0,1.0,0.0,0.0,1
3,30000,30000,0,0,10000.0,1.0,0.0,0.0,1
1,12000,12000,0,0,12000.0,1.0,0.0,0.0,1
1,5000,0,0,5000,5000.0,0.0,0.0,1.0,4
5,54000,18000,36000,0,10800.0,0.3333333333333333,0.6666666666666666,0.0,2
1,15000,0,15000,0,15000.0,0.0,1.0,0.0,2
1,15000,0,0,15000,15000.0,0.0,0.0,1.0,0
4,69000,54000,0,15000,17250.0,0.782608695652174,0.0,0.21739130434782608,1
2,36000,0,0,36000,18000.0,0.0,0.0,1.0,0
3,45000,0,0,45000,15000.0,0.0,0.0,1.0,0
2,24000,24000,0,0,12000.0,1.0,0.0,0.0,1
4,20000,0,0,20000,5000.0,0.0,0.0,1.0,4
3,45000,0,0,45000,15000.0,0.0,0.0,1.0,0
1,10000,10000,0,0,10000.0,1.0,0.0,0.0,1
2,36000,36000,0,0,18000.0,1.0,0.0,0.0,1
3,45000,0,45000,0,15000.0,0.0,1.0,0.0,2
4,62000,54000,0,8000,15500.0,0.8709677419354839,0.0,0.12903225806451613,1
3,45000,0,45000,0,15000.0,0.0,1.0,0.0,2
3,54000,54000,0,0,18000.0,1.0,0.0,0.0,1
3,30000,30000,0,0,10000.0,1.0,0.0,0.0,1
2,16000,0,16000,0,8000.0,0.0,1.0,0.0,2
2,36000,36000,0,0,18000.0,1.0,0.0,0.0,1
2,24000,24000,0,0,12000.0,1.0,0.0,0.0,1
3,45000,0,0,45000,15000.0,0.0,0.0,1.0,0
4,60000,0,0,60000,15000.0,0.0,0.0,1.0,0
2,30000,0,30000,0,15000.0,0.0,1.0,0.0,2
3,54000,54000,0,0,18000.0,1.0,0.0,0.0,1
3,30000,30000,0,0,10000.0,1.0,0.0,0.0,1
1,15000,0,0,15000,15000.0,0.0,0.0,1.0,0
2,30000,0,0,30000,15000.0,0.0,0.0,1.0,0
1,15000,0,0,15000,15000.0,0.0,0.0,1.0,0
1,15000,0,0,15000,15000.0,0.0,0.0,1.0,0
2,33000,18000,0,15000,16500.0,0.5454545454545454,0.0,0.45454545454545453,1
2,30000,0,30000,0,15000.0,0.0,1.0,0.0,2
2,30000,0,0,30000,15000.0,0.0,0.0,1.0,0
1,10000,10000,0,0,10000.0,1.0,0.0,0.0,1
1,15000,0,0,15000,15000.0,0.0,0.0,1.0,0
3,25000,20000,0,5000,8333.333333333334,0.8,0.0,0.2,1
1,15000,0,0,15000,15000.0,0.0,0.0,1.0,0
1,15000,0,15000,0,15000.0,0.0,1.0,0.0,2
4,60000,0,60000,0,15000.0,0.0,1.0,0.0,2
2,30000,0,0,30000,15000.0,0.0,0.0,1.0,0
1,8000,0,0,8000,8000.0,0.0,0.0,1.0,4
3,36000,0,36000,0,12000.0,0.0,1.0,0.0,2
4,20000,0,0,20000,5000.0,0.0,0.0,1.0,4
3,27000,20000,0,7000,9000.0,0.7407407407407407,0.0,0.25925925925925924,1
1,12000,0,12000,0,12000.0,0.0,1.0,0.0,2
1,18000,18000,0,0,18000.0,1.0,0.0,0.0,1
3,45000,0,0,45000,15000.0,0.0,0.0,1.0,0
1,12000,12000,0,0,12000.0,1.0,0.0,0.0,1
3,24000,0,24000,0,8000.0,0.0,1.0,0.0,2
1,5000,0,0,5000,5000.0,0.0,0.0,1.0,4
2,20000,20000,0,0,10000.0,1.0,0.0,0.0,1
2,36000,36000,0,0,18000.0,1.0,0.0,0.0,1
1,18000,18000,0,0,18000.0,1.0,0.0,0.0,1
2,30000,0,0,30000,15000.0,0.0,0.0,1.0,0
4,48000,48000,0,0,12000.0,1.0,0.0,0.0,1
1,5000,0,0,5000,5000.0,0.0,0.0,1.0,4
3,45000,0,0,45000,15000.0,0.0,0.0,1.0,0
2,10000,0,0,10000,5000.0,0.0,0.0,1.0,4
1,9000,0,9000,0,9000.0,0.0,1.0,0.0,2
1,15000,0,0,15000,15000.0,0.0,0.0,1.0,0
1,18000,18000,0,0,18000.0,1.0,0.0,0.0,1
2,30000,0,0,30000,15000.0,0.0,0.0,1.0,0
6,108000,108000,0,0,18000.0,1.0,0.0,0.0,3
3,45000,0,0,45000,15000.0,0.0,0.0,1.0,0
2,16000,0,16000,0,8000.0,0.0,1.0,0.0,2
2,30000,0,0,30000,15000.0,0.0,0.0,1.0,0
1,12000,0,12000,0,12000.0,0.0,1.0,0.0,2
3,30000,30000,0,0,10000.0,1.0,0.0,0.0,1
3,30000,30000,0,0,10000.0,1.0,0.0,0.0,1
5,64000,64000,0,0,12800.0,1.0,0.0,0.0,1
1,15000,0,0,15000,15000.0,0.0,0.0,1.0,0
5,81000,72000,9000,0,16200.0,0.8888888888888888,0.1111111111111111,0.0,3
3,42000,0,42000,0,14000.0,0.0,1.0,0.0,2
1,18000,18000,0,0,18000.0,1.0,0.0,0.0,1
2,30000,0,0,30000,15000.0,0.0,0.0,1.0,0
2,10000,0,0,10000,5000.0,0.0,0.0,1.0,4
1,15000,0,0,15000,15000.0,0.0,0.0,1.0,0
1,18000,18000,0,0,18000.0,1.0,0.0,0.0,1
4,40000,40000,0,0,10000.0,1.0,0.0,0.0,1
1,15000,0,15000,0,15000.0,0.0,1.0,0.0,2
4,40000,40000,0,0,10000.0,1.0,0.0,0.0,1
1,18000,18000,0,0,18000.0,1.0,0.0,0.0,1
3,51000,36000,0,15000,17000.0,0.7058823529411765,0.0,0.29411764705882354,1
1,9000,0,9000,0,9000.0,0.0,1.0,0.0,2
2,10000,0,0,10000,5000.0,0.0,0.0,1.0,4
1,18000,18000,0,0,18000.0,1.0,0.0,0.0,1
3,45000,0,0,45000,15000.0,0.0,0.0,1.0,0
2,20000,20000,0,0,10000.0,1.0,0.0,0.0,1
8,111000,102000,9000,0,13875.0,0.918918918918919,0.08108108108108109,0.0,3
1,14000,0,14000,0,14000.0,0.0,1.0,0.0,2
6,75000,30000,45000,0,12500.0,0.4,0.6,0.0,3
1,10000,10000,0,0,10000.0,1.0,0.0,0.0,1
1,5000,0,0,5000,5000.0,0.0,0.0,1.0,4
1,18000,18000,0,0,18000.0,1.0,0.0,0.0,1
2,36000,36000,0,0,18000.0,1.0,0.0,0.0,1
4,36000,0,36000,0,9000.0,0.0,1.0,0.0,2
1,15000,0,15000,0,15000.0,0.0,1.0,0.0,2
3,36000,36000,0,0,12000.0,1.0,0.0,0.0,1
1,18000,18000,0,0,18000.0,1.0,0.0,0.0,1
4,34000,0,34000,0,8500.0,0.0,1.0,0.0,2
3,45000,0,45000,0,15000.0,0.0,1.0,0.0,2
3,36000,36000,0,0,12000.0,1.0,0.0,0.0,1
2,18000,0,18000,0,9000.0,0.0,1.0,0.0,2
2,10000,0,0,10000,5000.0,0.0,0.0,1.0,4
2,16000,0,0,16000,8000.0,0.0,0.0,1.0,4
3,24000,0,24000,0,8000.0,0.0,1.0,0.0,2
2,30000,0,0,30000,15000.0,0.0,0.0,1.0,0
2,30000,0,30000,0,15000.0,0.0,1.0,0.0,2
1,8000,0,0,8000,8000.0,0.0,0.0,1.0,4
2,18000,0,18000,0,9000.0,0.0,1.0,0.0,2
1,15000,0,15000,0,15000.0,0.0,1.0,0.0,2
2,36000,36000,0,0,18000.0,1.0,0.0,0.0,1
1,12000,0,12000,0,12000.0,0.0,1.0,0.0,2
1,8000,0,8000,0,8000.0,0.0,1.0,0.0,2
2,36000,36000,0,0,18000.0,1.0,0.0,0.0,1
2,30000,0,0,30000,15000.0,0.0,0.0,1.0,0
1,16000,16000,0,0,16000.0,1.0,0.0,0.0,1
1,15000,0,0,15000,15000.0,0.0,0.0,1.0,0
2,20000,0,15000,5000,10000.0,0.0,0.75,0.25,2
1,9000,0,9000,0,9000.0,0.0,1.0,0.0,2
2,18000,0,18000,0,9000.0,0.0,1.0,0.0,2
3,45000,0,45000,0,15000.0,0.0,1.0,0.0,2
2,14000,0,0,14000,7000.0,0.0,0.0,1.0,4
4,72000,72000,0,0,18000.0,1.0,0.0,0.0,1
2,33000,18000,0,15000,16500.0,0.5454545454545454,0.0,0.45454545454545453,1
1,18000,18000,0,0,18000.0,1.0,0.0,0.0,1
2,36000,36000,0,0,18000.0,1.0,0.0,0.0,1
3,54000,54000,0,0,18000.0,1.0,0.0,0.0,1
1,5000,0,0,5000,5000.0,0.0,0.0,1.0,4
5,64000,64000,0,0,12800.0,1.0,0.0,0.0,1
3,48000,48000,0,0,16000.0,1.0,0.0,0.0,1
5,65000,0,0,65000,13000.0,0.0,0.0,1.0,0
4,51000,36000,15000,0,12750.0,0.7058823529411765,0.29411764705882354,0.0,1
3,45000,0,0,45000,15000.0,0.0,0.0,1.0,0
5,64000,54000,0,10000,12800.0,0.84375,0.0,0.15625,3
4,48000,0,48000,0,12000.0,0.0,1.0,0.0,2
1,16000,16000,0,0,16000.0,1.0,0.0,0.0,1
3,47000,32000,15000,0,15666.666666666666,0.6808510638297872,0.3191489361702128,0.0,1
2,16000,0,16000,0,8000.0,0.0,1.0,0.0,2
3,30000,30000,0,0,10000.0,1.0,0.0,0.0,1
5,51000,0,51000,0,10200.0,0.0,1.0,0.0,2
2,18000,0,18000,0,9000.0,0.0,1.0,0.0,2
1,8000,0,8000,0,8000.0,0.0,1.0,0.0,2
3,36000,36000,0,0,12000.0,1.0,0.0,0.0,1
1,18000,18000,0,0,18000.0,1.0,0.0,0.0,1
5,75000,0,0,75000,15000.0,0.0,0.0,1.0,0
4,72000,72000,0,0,18000.0,1.0,0.0,0.0,1
1,12000,12000,0,0,12000.0,1.0,0.0,0.0,1
3,36000,0,36000,0,12000.0,0.0,1.0,0.0,2
1,18000,18000,0,0,18000.0,1.0,0.0,0.0,1
4,42000,18000,24000,0,10500.0,0.42857142857142855,0.5714285714285714,0.0,2
2,36000,36000,0,0,18000.0,1.0,0.0,0.0,1
1,5000,0,0,5000,5000.0,0.0,0.0,1.0,4
1,15000,0,0,15000,15000.0,0.0,0.0,1.0,0
1,5000,0,0,5000,5000.0,0.0,0.0,1.0,4
2,18000,0,18000,0,9000.0,0.0,1.0,0.0,2
5,48000,24000,24000,0,9600.0,0.5,0.5,0.0,3
2,28000,0,28000,0,14000.0,0.0,1.0,0.0,2
1,18000,18000,0,0,18000.0,1.0,0.0,0.0,1
1,8000,0,8000,0,8000.0,0.0,1.0,0.0,2
3,36000,36000,0,0,12000.0,1.0,0.0,0.0,1
3,36000,36000,0,0,12000.0,1.0,0.0,0.0,1
2,30000,0,30000,0,15000.0,0.0,1.0,0.0,2
2,30000,0,30000,0,15000.0,0.0,1.0,0.0,2
2,18000,0,18000,0,9000.0,0.0,1.0,0.0,2
1,10000,10000,0,0,10000.0,1.0,0.0,0.0,1
1,15000,0,0,15000,15000.0,0.0,0.0,1.0,0
1,9000,0,9000,0,9000.0,0.0,1.0,0.0,2
2,20000,20000,0,0,10000.0,1.0,0.0,0.0,1
2,30000,0,0,30000,15000.0,0.0,0.0,1.0,0
5,60000,30000,0,30000,12000.0,0.5,0.0,0.5,3
2,30000,0,30000,0,15000.0,0.0,1.0,0.0,2
4,41000,0,36000,5000,10250.0,0.0,0.8780487804878049,0.12195121951219512,2
2,10000,0,0,10000,5000.0,0.0,0.0,1.0,4
3,45000,0,45000,0,15000.0,0.0,1.0,0.0,2
3,54000,54000,0,0,18000.0,1.0,0.0,0.0,1
4,72000,72000,0,0,18000.0,1.0,0.0,0.0,1
1,5000,0,0,5000,5000.0,0.0,0.0,1.0,4
4,45000,30000,15000,0,11250.0,0.6666666666666666,0.3333333333333333,0.0,1
1,8000,0,8000,0,8000.0,0.0,1.0,0.0,2
1,18000,18000,0,0,18000.0,1.0,0.0,0.0,1
5,78000,18000,60000,0,15600.0,0.23076923076923078,0.7692307692307693,0.0,3
1,5000,0,0,5000,5000.0,0.0,0.0,1.0,4
1,12000,12000,0,0,12000.0,1.0,0.0,0.0,1
2,16000,0,16000,0,8000.0,0.0,1.0,0.0,2
1,9000,0,9000,0,9000.0,0.0,1.0,0.0,2
5,45000,0,0,45000,9000.0,0.0,0.0,1.0,0
3,29000,24000,0,5000,9666.666666666666,0.8275862068965517,0.0,0.1724137931034483,1
2,30000,0,0,30000,15000.0,0.0,0.0,1.0,0
6,56000,36000,0,20000,9333.333333333334,0.6428571428571429,0.0,0.35714285714285715,3
2,36000,36000,0,0,18000.0,1.0,0.0,0.0,1
3,15000,0,0,15000,5000.0,0.0,0.0,1.0,4
6,70000,0,0,70000,11666.666666666666,0.0,0.0,1.0,0
1,18000,18000,0,0,18000.0,1.0,0.0,0.0,1
1,15000,0,0,15000,15000.0,0.0,0.0,1.0,0
1,15000,0,0,15000,15000.0,0.0,0.0,1.0,0
1,10000,10000,0,0,10000.0,1.0,0.0,0.0,1
1,10000,10000,0,0,10000.0,1.0,0.0,0.0,1
3,45000,0,0,45000,15000.0,0.0,0.0,1.0,0
2,36000,36000,0,0,18000.0,1.0,0.0,0.0,1
5,69000,24000,0,45000,13800.0,0.34782608695652173,0.0,0.6521739130434783,3
1,15000,0,0,15000,15000.0,0.0,0.0,1.0,0
1,18000,18000,0,0,18000.0,1.0,0.0,0.0,1
3,15000,0,0,15000,5000.0,0.0,0.0,1.0,4
2,25000,10000,0,15000,12500.0,0.4,0.0,0.6,0
2,18000,0,18000,0,9000.0,0.0,1.0,0.0,2
6,72000,48000,24000,0,12000.0,0.6666666666666666,0.3333333333333333,0.0,3
1,15000,0,0,15000,15000.0,0.0,0.0,1.0,0
6,102000,72000,0,30000,17000.0,0.7058823529411765,0.0,0.29411764705882354,3
1,9000,0,9000,0,9000.0,0.0,1.0,0.0,2
4,48000,48000,0,0,12000.0,1.0,0.0,0.0,1
7,114000,54000,0,60000,16285.714285714286,0.47368421052631576,0.0,0.5263157894736842,3
1,18000,18000,0,0,18000.0,1.0,0.0,0.0,1
1,18000,18000,0,0,18000.0,1.0,0.0,0.0,1
3,27000,0,27000,0,9000.0,0.0,1.0,0.0,2
2,24000,24000,0,0,12000.0,1.0,0.0,0.0,1
1,12000,12000,0,0,12000.0,1.0,0.0,0.0,1
3,45000,0,0,45000,15000.0,0.0,0.0,1.0,0
3,15000,0,0,15000,5000.0,0.0,0.0,1.0,4
4,56000,56000,0,0,14000.0,1.0,0.0,0.0,1
2,20000,20000,0,0,10000.0,1.0,0.0,0.0,1
3,45000,0,0,45000,15000.0,0.0,0.0,1.0,0
3,45000,0,45000,0,15000.0,0.0,1.0,0.0,2
9,135000,108000,27000,0,15000.0,0.8,0.2,0.0,3
2,18000,0,18000,0,9000.0,0.0,1.0,0.0,2
3,36000,36000,0,0,12000.0,1.0,0.0,0.0,1
1,18000,18000,0,0,18000.0,1.0,0.0,0.0,1
1,15000,0,0,15000,15000.0,0.0,0.0,1.0,0
2,24000,24000,0,0,12000.0,1.0,0.0,0.0,1
1,18000,18000,0,0,18000.0,1.0,0.0,0.0,1
1,15000,0,0,15000,15000.0,0.0,0.0,1.0,0
1,18000,18000,0,0,18000.0,1.0,0.0,0.0,1
1,15000,0,0,15000,15000.0,0.0,0.0,1.0,0
5,65000,20000,45000,0,13000.0,0.3076923076923077,0.6923076923076923,0.0,3
6,75000,30000,0,45000,12500.0,0.4,0.0,0.6,3
5,78000,54000,24000,0,15600.0,0.6923076923076923,0.3076923076923077,0.0,3
2,30000,0,0,30000,15000.0,0.0,0.0,1.0,0
6,44000,24000,0,20000,7333.333333333333,0.5454545454545454,0.0,0.45454545454545453,3
1,15000,0,15000,0,15000.0,0.0,1.0,0.0,2
2,30000,0,30000,0,15000.0,0.0,1.0,0.0,2
1,15000,0,15000,0,15000.0,0.0,1.0,0.0,2
4,48000,48000,0,0,12000.0,1.0,0.0,0.0,1
1,5000,0,0,5000,5000.0,0.0,0.0,1.0,4
2,30000,0,0,30000,15000.0,0.0,0.0,1.0,0
8,59000,12000,27000,20000,7375.0,0.2033898305084746,0.4576271186440678,0.3389830508474576,3
7,90000,54000,36000,0,12857.142857142857,0.6,0.4,0.0,3
1,18000,18000,0,0,18000.0,1.0,0.0,0.0,1
2,10000,0,0,10000,5000.0,0.0,0.0,1.0,4
1,12000,0,12000,0,12000.0,0.0,1.0,0.0,2
3,27000,0,27000,0,9000.0,0.0,1.0,0.0,2
2,30000,0,0,30000,15000.0,0.0,0.0,1.0,0
2,10000,0,0,10000,5000.0,0.0,0.0,1.0,4
1,18000,18000,0,0,18000.0,1.0,0.0,0.0,1
4,40000,0,30000,10000,10000.0,0.0,0.75,0.25,2
4,60000,0,0,60000,15000.0,0.0,0.0,1.0,0
6,96000,36000,60000,0,16000.0,0.375,0.625,0.0,3
4,20000,0,0,20000,5000.0,0.0,0.0,1.0,4
4,36000,20000,16000,0,9000.0,0.5555555555555556,0.4444444444444444,0.0,2
2,36000,36000,0,0,18000.0,1.0,0.0,0.0,1
3,45000,0,45000,0,15000.0,0.0,1.0,0.0,2
1,9000,0,9000,0,9000.0,0.0,1.0,0.0,2
5,35000,0,0,35000,7000.0,0.0,0.0,1.0,4
1,15000,0,0,15000,15000.0,0.0,0.0,1.0,0
2,10000,0,0,10000,5000.0,0.0,0.0,1.0,4
2,36000,36000,0,0,18000.0,1.0,0.0,0.0,1
1,5000,0,0,5000,5000.0,0.0,0.0,1.0,4
2,20000,20000,0,0,10000.0,1.0,0.0,0.0,1
2,30000,0,0,30000,15000.0,0.0,0.0,1.0,0
4,48000,48000,0,0,12000.0,1.0,0.0,0.0,1
2,36000,36000,0,0,18000.0,1.0,0.0,0.0,1
2,36000,36000,0,0,18000.0,1.0,0.0,0.0,1
5,72000,12000,60000,0,14400.0,0.16666666666666666,0.8333333333333334,0.0,3
2,16000,0,16000,0,8000.0,0.0,1.0,0.0,2
4,27000,12000,0,15000,6750.0,0.4444444444444444,0.0,0.5555555555555556,4
2,36000,36000,0,0,18000.0,1.0,0.0,0.0,1
2,17000,12000,0,5000,8500.0,0.7058823529411765,0.0,0.29411764705882354,1
3,45000,0,45000,0,15000.0,0.0,1.0,0.0,2
2,36000,36000,0,0,18000.0,1.0,0.0,0.0,1
7,98000,38000,0,60000,14000.0,0.3877551020408163,0.0,0.6122448979591837,3
4,72000,72000,0,0,18000.0,1.0,0.0,0.0,1
2,20000,0,0,20000,10000.0,0.0,0.0,1.0,4
2,36000,36000,0,0,18000.0,1.0,0.0,0.0,1
4,36000,0,36000,0,9000.0,0.0,1.0,0.0,2
4,36000,0,36000,0,9000.0,0.0,1.0,0.0,2
3,42000,12000,0,30000,14000.0,0.2857142857142857,0.0,0.7142857142857143,0
4,51000,0,51000,0,12750.0,0.0,1.0,0.0,2
2,30000,0,30000,0,15000.0,0.0,1.0,0.0,2
1,15000,0,15000,0,15000.0,0.0,1.0,0.0,2
1,18000,18000,0,0,18000.0,1.0,0.0,0.0,1
1,12000,12000,0,0,12000.0,1.0,0.0,0.0,1
1,18000,18000,0,0,18000.0,1.0,0.0,0.0,1
6,78000,48000,30000,0,13000.0,0.6153846153846154,0.38461538461538464,0.0,3
2,30000,0,30000,0,15000.0,0.0,1.0,0.0,2
2,20000,12000,8000,0,10000.0,0.6,0.4,0.0,1
1,5000,0,0,5000,5000.0,0.0,0.0,1.0,4
1,5000,0,0,5000,5000.0,0.0,0.0,1.0,4
3,45000,0,0,45000,15000.0,0.0,0.0,1.0,0
4,60000,0,0,60000,15000.0,0.0,0.0,1.0,0
1,18000,18000,0,0,18000.0,1.0,0.0,0.0,1
6,80000,20000,60000,0,13333.333333333334,0.25,0.75,0.0,3
3,45000,0,0,45000,15000.0,0.0,0.0,1.0,0
4,46000,30000,16000,0,11500.0,0.6521739130434783,0.34782608695652173,0.0,1
5,70000,10000,0,60000,14000.0,0.14285714285714285,0.0,0.8571428571428571,0
5,66000,66000,0,0,13200.0,1.0,0.0,0.0,1
1,15000,0,15000,0,15000.0,0.0,1.0,0.0,2
2,10000,0,0,10000,5000.0,0.0,0.0,1.0,4
2,24000,24000,0,0,12000.0,1.0,0.0,0.0,1
3,30000,30000,0,0,10000.0,1.0,0.0,0.0,1
2,30000,0,0,30000,15000.0,0.0,0.0,1.0,0
1,5000,0,0,5000,5000.0,0.0,0.0,1.0,4
5,69000,24000,0,45000,13800.0,0.34782608695652173,0.0,0.6521739130434783,3
5,70000,10000,0,60000,14000.0,0.14285714285714285,0.0,0.8571428571428571,0
1,5000,0,0,5000,5000.0,0.0,0.0,1.0,4
3,35000,20000,0,15000,11666.666666666666,0.5714285714285714,0.0,0.42857142857142855,1
3,45000,0,45000,0,15000.0,0.0,1.0,0.0,2
1,9000,0,9000,0,9000.0,0.0,1.0,0.0,2
1,15000,0,0,15000,15000.0,0.0,0.0,1.0,0
2,24000,24000,0,0,12000.0,1.0,0.0,0.0,1
7,78000,54000,24000,0,11142.857142857143,0.6923076923076923,0.3076923076923077,0.0,3
6,78000,48000,30000,0,13000.0,0.6153846153846154,0.38461538461538464,0.0,3
2,10000,0,0,10000,5000.0,0.0,0.0,1.0,4
3,27000,0,27000,0,9000.0,0.0,1.0,0.0,2
2,36000,36000,0,0,18000.0,1.0,0.0,0.0,1
1,5000,0,0,5000,5000.0,0.0,0.0,1.0,4
2,36000,36000,0,0,18000.0,1.0,0.0,0.0,1
2,18000,0,18000,0,9000.0,0.0,1.0,0.0,2
4,72000,72000,0,0,18000.0,1.0,0.0,0.0,1
1,5000,0,0,5000,5000.0,0.0,0.0,1.0,4
4,20000,0,0,20000,5000.0,0.0,0.0,1.0,4
3,42000,42000,0,0,14000.0,1.0,0.0,0.0,1
1,15000,0,0,15000,15000.0,0.0,0.0,1.0,0
5,84000,54000,0,30000,16800.0,0.6428571428571429,0.0,0.35714285714285715,3
4,60000,0,0,60000,15000.0,0.0,0.0,1.0,0
3,48000,48000,0,0,16000.0,1.0,0.0,0.0,1
3,45000,0,0,45000,15000.0,0.0,0.0,1.0,0
2,10000,0,0,10000,5000.0,0.0,0.0,1.0,4
5,60000,60000,0,0,12000.0,1.0,0.0,0.0,1
2,30000,0,0,30000,15000.0,0.0,0.0,1.0,0
2,30000,0,0,30000,15000.0,0.0,0.0,1.0,0
1,9000,0,9000,0,9000.0,0.0,1.0,0.0,2
2,20000,20000,0,0,10000.0,1.0,0.0,0.0,1
3,36000,36000,0,0,12000.0,1.0,0.0,0.0,1
2,30000,0,30000,0,15000.0,0.0,1.0,0.0,2
4,36000,0,36000,0,9000.0,0.0,1.0,0.0,2
2,18000,0,18000,0,9000.0,0.0,1.0,0.0,2
5,60000,30000,0,30000,12000.0,0.5,0.0,0.5,3
3,54000,54000,0,0,18000.0,1.0,0.0,0.0,1
4,20000,0,0,20000,5000.0,0.0,0.0,1.0,4
1,15000,0,0,15000,15000.0,0.0,0.0,1.0,0
3,27000,0,27000,0,9000.0,0.0,1.0,0.0,2
2,30000,0,0,30000,15000.0,0.0,0.0,1.0,0
2,16000,0,16000,0,8000.0,0.0,1.0,0.0,2
1,15000,0,0,15000,15000.0,0.0,0.0,1.0,0
4,54000,18000,36000,0,13500.0,0.3333333333333333,0.6666666666666666,0.0,2
4,72000,72000,0,0,18000.0,1.0,0.0,0.0,1
3,45000,0,0,45000,15000.0,0.0,0.0,1.0,0
2,36000,36000,0,0,18000.0,1.0,0.0,0.0,1
3,35000,20000,15000,0,11666.666666666666,0.5714285714285714,0.42857142857142855,0.0,1
2,10000,0,0,10000,5000.0,0.0,0.0,1.0,4
6,69000,36000,33000,0,11500.0,0.5217391304347826,0.4782608695652174,0.0,3
3,38000,18000,15000,5000,12666.666666666666,0.47368421052631576,0.39473684210526316,0.13157894736842105,1
4,20000,0,0,20000,5000.0,0.0,0.0,1.0,4
2,24000,24000,0,0,12000.0,1.0,0.0,0.0,1
4,60000,0,45000,15000,15000.0,0.0,0.75,0.25,2
4,72000,72000,0,0,18000.0,1.0,0.0,0.0,1
1,18000,18000,0,0,18000.0,1.0,0.0,0.0,1
1,15000,0,0,15000,15000.0,0.0,0.0,1.0,0
2,10000,0,0,10000,5000.0,0.0,0.0,1.0,4
5,75000,0,30000,45000,15000.0,0.0,0.4,0.6,3
4,36000,0,36000,0,9000.0,0.0,1.0,0.0,2
1,10000,10000,0,0,10000.0,1.0,0.0,0.0,1
3,39000,24000,0,15000,13000.0,0.6153846153846154,0.0,0.38461538461538464,1
1,9000,0,9000,0,9000.0,0.0,1.0,0.0,2
1,18000,18000,0,0,18000.0,1.0,0.0,0.0,1
1,18000,18000,0,0,18000.0,1.0,0.0,0.0,1
2,10000,0,0,10000,5000.0,0.0,0.0,1.0,4
1,15000,0,0,15000,15000.0,0.0,0.0,1.0,0
3,36000,36000,0,0,12000.0,1.0,0.0,0.0,1
5,55000,40000,0,15000,11000.0,0.7272727272727273,0.0,0.2727272727272727,3
4,32000,0,32000,0,8000.0,0.0,1.0,0.0,2
2,20000,20000,0,0,10000.0,1.0,0.0,0.0,1
1,18000,18000,0,0,18000.0,1.0,0.0,0.0,1
1,10000,10000,0,0,10000.0,1.0,0.0,0.0,1
3,45000,0,0,45000,15000.0,0.0,0.0,1.0,0
1,10000,10000,0,0,10000.0,1.0,0.0,0.0,1
1,18000,18000,0,0,18000.0,1.0,0.0,0.0,1
2,30000,0,0,30000,15000.0,0.0,0.0,1.0,0
2,10000,0,0,10000,5000.0,0.0,0.0,1.0,4
4,20000,0,0,20000,5000.0,0.0,0.0,1.0,4
1,9000,0,9000,0,9000.0,0.0,1.0,0.0,2
1,18000,18000,0,0,18000.0,1.0,0.0,0.0,1
1,15000,0,15000,0,15000.0,0.0,1.0,0.0,2
1,9000,0,9000,0,9000.0,0.0,1.0,0.0,2
1,18000,18000,0,0,18000.0,1.0,0.0,0.0,1
1,18000,18000,0,0,18000.0,1.0,0.0,0.0,1
3,30000,30000,0,0,10000.0,1.0,0.0,0.0,1
2,27000,12000,0,15000,13500.0,0.4444444444444444,0.0,0.5555555555555556,0
4,72000,72000,0,0,18000.0,1.0,0.0,0.0,1
5,56000,56000,0,0,11200.0,1.0,0.0,0.0,1
3,30000,30000,0,0,10000.0,1.0,0.0,0.0,1
